phenomenonTime,result
2019-11-12T15:54:16.513Z,0
2019-11-12T15:52:13.278Z,0.31
2019-11-12T15:51:08.868Z,0
2019-11-12T15:50:08.210Z,1.78
2019-11-12T15:49:01.533Z,0.25
2019-11-12T15:47:56.623Z,0.36
2019-11-12T15:45:49.227Z,0.47
2019-11-12T15:44:48.465Z,0.58
2019-11-12T15:43:50.782Z,0
2019-11-12T15:42:42.042Z,0
2019-11-12T15:41:43.867Z,0.25
2019-11-12T15:40:34.757Z,1.36
2019-11-12T15:39:35.778Z,2.36
2019-11-12T15:38:31.334Z,0.47
2019-11-12T15:37:28.406Z,0.42
2019-11-12T15:36:25.091Z,0.75
2019-11-12T15:35:21.974Z,0
2019-11-12T15:34:16.097Z,0.36
2019-11-12T15:33:13.584Z,0
2019-11-12T15:32:17.676Z,0
2019-11-12T15:30:07.800Z,1.36
2019-11-12T15:29:04.391Z,0.58
2019-11-12T15:28:01.068Z,1.64
2019-11-12T15:26:56.348Z,0.25
2019-11-12T15:25:51.713Z,1.58
2019-11-12T15:24:50.195Z,0.31
2019-11-12T15:22:52.455Z,0.53
2019-11-12T15:21:47.859Z,0
2019-11-12T15:20:37.422Z,0.86
2019-11-12T15:19:40.549Z,1.58
2019-11-12T15:18:36.798Z,0
2019-11-12T15:17:31.751Z,0.53
2019-11-12T15:16:26.829Z,1.03
2019-11-12T15:15:23.800Z,0.42
2019-11-12T15:10:10.216Z,1.64
2019-11-12T15:09:07.366Z,0
2019-11-12T15:08:04.819Z,0.64
2019-11-12T15:07:00.502Z,2.25
2019-11-12T15:05:55.430Z,1.19
2019-11-12T15:02:47.502Z,0.69
2019-11-12T15:00:42.245Z,0.47
2019-11-12T14:59:43.372Z,2.53
2019-11-12T14:58:38.704Z,2.78
2019-11-12T14:57:33.746Z,1.78
2019-11-12T14:56:28.950Z,1.47
2019-11-12T14:55:25.161Z,31.89
2019-11-12T14:54:21.572Z,3.06
2019-11-12T14:53:17.280Z,2.78
2019-11-12T14:50:15.983Z,0.86
2019-11-12T14:49:07.467Z,2.08
2019-11-12T14:48:05.337Z,1.86
2019-11-12T14:46:59.197Z,1.31
2019-11-12T14:45:57.884Z,2.19
2019-11-12T14:40:43.128Z,2.58
2019-11-12T14:39:47.393Z,0.25
2019-11-12T14:37:38.230Z,3.11
2019-11-12T14:36:32.370Z,2.64
2019-11-12T14:33:19.615Z,1.36
2019-11-12T14:32:15.872Z,2.31
2019-11-12T14:31:12.833Z,0.64
2019-11-12T14:28:09.197Z,0.86
2019-11-12T14:27:04.630Z,3.28
2019-11-12T14:24:54.608Z,0.69
2019-11-12T14:19:46.488Z,0
2019-11-12T14:18:42.296Z,1.14
2019-11-12T14:17:40.528Z,0
2019-11-12T14:16:34.260Z,1.64
2019-11-12T14:15:26.146Z,2.03
2019-11-12T14:14:23.892Z,2.19
2019-11-12T14:13:21.537Z,1.86
2019-11-12T14:12:17.067Z,1.36
2019-11-12T14:11:13.724Z,0.36
2019-11-12T14:08:09.063Z,2.36
2019-11-12T08:13:13.796Z,38.16
2019-11-12T02:52:02.898Z,12.6
2019-11-12T02:46:48.309Z,3.96
2019-11-12T02:45:45.196Z,11.88
2019-11-12T02:41:03.302Z,29.88
2019-11-12T02:38:23.956Z,23.76
2019-11-12T02:36:17.825Z,23.76
2019-11-12T02:35:15.973Z,16.2
2019-11-12T02:33:09.355Z,35.28
2019-11-12T02:31:03.414Z,18.36
2019-11-12T02:29:59.952Z,19.08
2019-11-12T02:26:50.733Z,44.28
2019-11-12T02:25:47.428Z,24.84
2019-11-12T02:20:02.488Z,52.56
2019-11-12T02:18:58.040Z,17.64
2019-11-12T02:17:54.717Z,20.52
2019-11-12T02:14:49.182Z,17.64
2019-11-12T02:12:39.737Z,13.32
2019-11-12T02:11:39.988Z,12.6
2019-11-12T02:09:32.298Z,19.08
2019-11-12T02:08:28.311Z,27
2019-11-12T02:07:24.254Z,32.04
2019-11-12T02:06:22.470Z,24.12
2019-11-12T02:05:17.987Z,9
2019-11-12T02:04:15.007Z,13.32
2019-11-12T02:03:11.940Z,37.44
2019-11-12T02:01:06.690Z,34.92
2019-11-12T02:00:03.351Z,15.48
2019-11-12T01:59:00.398Z,28.44
2019-11-12T01:57:58.507Z,41.76
2019-11-12T01:56:53.640Z,22.32
2019-11-12T01:55:50.474Z,27.72
2019-11-12T01:54:48.184Z,21.96
2019-11-12T01:53:44.529Z,14.76
2019-11-12T01:51:41.163Z,10.44
2019-11-12T01:50:35.389Z,7.56
2019-11-12T01:49:35.933Z,11.88
2019-11-12T01:48:30.802Z,24.12
2019-11-12T01:47:26.574Z,19.08
2019-11-12T01:46:22.185Z,53.28
2019-11-12T01:45:18.995Z,6.12
2019-11-12T01:44:16.219Z,4.68
2019-11-12T01:43:13.128Z,0
2019-11-12T01:40:07.207Z,18.36
2019-11-12T01:39:02.128Z,26.28
2019-11-12T01:37:59.539Z,27
2019-11-12T01:36:55.317Z,12.6
2019-11-12T01:35:52.554Z,0
2019-11-12T01:34:49.111Z,12.6
2019-11-12T01:33:46.186Z,3.96
2019-11-12T01:32:43.021Z,8.28
2019-11-12T01:31:40.876Z,11.16
2019-11-12T01:30:37.401Z,11.16
2019-11-12T01:29:37.378Z,14.04
2019-11-12T01:28:33.026Z,9.72
2019-11-12T01:27:27.581Z,7.56
2019-11-12T01:25:22.029Z,6.12
2019-11-12T01:24:19.313Z,18.36
2019-11-12T01:22:12.694Z,3.24
2019-11-12T01:20:10.235Z,11.88
2019-11-12T01:19:06.460Z,17.64
2019-11-12T01:18:00.382Z,34.92
2019-11-12T01:16:58.022Z,15.48
2019-11-12T01:15:53.632Z,4.68
2019-11-12T01:13:47.589Z,9
2019-11-12T01:12:44.657Z,27
2019-11-12T01:10:38.941Z,26.28
2019-11-12T01:09:39.277Z,23.76
2019-11-12T01:07:30.199Z,16.2
2019-11-12T01:06:29.011Z,0
2019-11-12T01:05:24.985Z,24.84
2019-11-12T01:04:21.812Z,23.04
2019-11-12T01:03:18.314Z,19.08
2019-11-12T01:02:14.915Z,40.32
2019-11-12T01:00:08.916Z,3.96
2019-11-12T00:59:05.620Z,10.44
2019-11-12T00:58:02.748Z,6.12
2019-11-12T00:57:01.234Z,3.96
2019-11-12T00:55:57.138Z,10.44
2019-11-12T00:53:50.398Z,16.92
2019-11-12T00:52:49.849Z,27.72
2019-11-12T00:50:43.233Z,10.44
2019-11-12T00:49:41.352Z,7.56
2019-11-12T00:48:34.452Z,16.2
2019-11-12T00:47:32.137Z,17.64
2019-11-12T00:46:28.943Z,13.32
2019-11-12T00:45:27.367Z,8.28
2019-11-12T00:43:50.193Z,7.56
2019-11-12T00:41:12.944Z,5.4
2019-11-12T00:38:04.989Z,22.32
2019-11-12T00:37:01.422Z,16.92
2019-11-12T00:35:57.869Z,26.28
2019-11-12T00:34:55.938Z,14.04
2019-11-12T00:33:51.710Z,18.36
2019-11-12T00:32:48.168Z,3.24
2019-11-12T00:31:45.037Z,27.72
2019-11-12T00:30:43.297Z,19.08
2019-11-12T00:29:44.152Z,11.16
2019-11-12T00:28:38.420Z,21.96
2019-11-12T00:27:36.165Z,16.92
2019-11-12T00:26:32.084Z,34.92
2019-11-12T00:24:24.553Z,16.92
2019-11-12T00:23:22.955Z,2.52
2019-11-12T00:22:18.406Z,15.48
2019-11-12T00:21:15.591Z,12.6
2019-11-12T00:20:12.159Z,8.28
2019-11-12T00:18:08.211Z,11.88
2019-11-12T00:17:03.034Z,0
2019-11-12T00:13:54.525Z,0
2019-11-12T00:10:44.881Z,3.24
2019-11-12T00:08:42.484Z,12.6
2019-11-12T00:07:38.156Z,14.04
2019-11-12T00:05:29.406Z,28.44
2019-11-12T00:04:27.523Z,5.4
2019-11-12T00:03:24.320Z,0
2019-11-12T00:02:20.295Z,4.68
2019-11-12T00:01:16.926Z,0
2019-11-12T00:00:14.764Z,0
2019-11-11T23:59:10.924Z,0
2019-11-11T23:58:10.184Z,17.64
2019-11-11T23:57:07.432Z,25.56
2019-11-11T23:56:03.243Z,6.12
2019-11-11T23:54:59.284Z,0
2019-11-11T23:53:56.007Z,2.52
2019-11-11T23:51:50.576Z,14.04
2019-11-11T23:50:47.660Z,20.52
2019-11-11T23:47:40.987Z,8.28
2019-11-11T23:46:36.959Z,0
2019-11-11T23:45:32.641Z,10.44
2019-11-11T23:44:32.170Z,21.96
2019-11-11T23:43:27.275Z,12.6
2019-11-11T23:42:21.569Z,16.92
2019-11-11T23:41:18.565Z,0
2019-11-11T23:40:15.718Z,0
2019-11-11T23:39:12.054Z,10.44
2019-11-11T23:38:12.293Z,15.48
2019-11-11T23:37:07.038Z,0
2019-11-11T23:36:05.944Z,0
2019-11-11T23:35:01.057Z,0
2019-11-11T23:33:57.304Z,14.04
2019-11-11T23:32:53.579Z,6.84
2019-11-11T23:30:47.546Z,14.76
2019-11-11T23:29:44.588Z,12.6
2019-11-11T23:26:35.501Z,21.24
2019-11-11T23:25:32.584Z,4.68
2019-11-11T23:19:44.873Z,6.12
2019-11-11T23:17:44.971Z,17.64
2019-11-11T23:16:36.013Z,9
2019-11-11T23:15:33.750Z,23.76
2019-11-11T23:14:30.763Z,5.4
2019-11-11T23:13:27.625Z,11.16
2019-11-11T23:12:24.200Z,12.6
2019-11-11T23:11:21.780Z,24.12
2019-11-11T22:39:19.619Z,17.64
2019-11-11T22:37:13.424Z,0
2019-11-11T22:33:02.156Z,18.36
2019-11-11T22:31:57.864Z,0
2019-11-11T22:28:48.479Z,14.04
2019-11-11T22:27:44.943Z,10.44
2019-11-11T22:25:42.745Z,14.04
2019-11-11T22:24:36.799Z,29.88
2019-11-11T22:22:32.158Z,6.12
2019-11-11T22:20:55.611Z,19.08
2019-11-11T22:19:20.726Z,9
2019-11-11T22:14:37.002Z,30.6
2019-11-11T22:13:04.114Z,17.64
2019-11-11T22:11:29.877Z,26.28
2019-11-11T22:09:53.291Z,6.12
2019-11-11T22:04:39.551Z,13.32
2019-11-11T22:03:37.380Z,21.24
2019-11-11T22:02:34.634Z,6.84
2019-11-11T22:01:35.099Z,11.16
2019-11-11T22:00:27.541Z,7.56
2019-11-11T21:59:23.951Z,4.68
2019-11-11T21:58:21.137Z,0
2019-11-11T21:57:17.309Z,3.24
2019-11-11T21:56:14.389Z,32.04
2019-11-11T21:55:12.029Z,13.32
2019-11-11T21:54:08.788Z,21.96
2019-11-11T21:53:08.520Z,34.92
2019-11-11T21:52:04.736Z,9
2019-11-11T21:51:00.874Z,36
2019-11-11T21:48:53.796Z,28.44
2019-11-11T21:46:48.953Z,0
2019-11-11T21:45:50.927Z,13.32
2019-11-11T21:43:43.670Z,3.96
2019-11-11T21:42:38.177Z,17.64
2019-11-11T21:41:35.126Z,17.64
2019-11-11T21:40:30.285Z,18.36
2019-11-11T21:39:26.633Z,0
2019-11-11T21:37:19.957Z,3.24
2019-11-11T21:36:16.840Z,24.84
2019-11-11T21:35:15.132Z,10.44
2019-11-11T21:34:10.986Z,3.96
2019-11-11T21:32:07.265Z,34.92
2019-11-11T21:31:06.208Z,8.28
2019-11-11T21:30:02.128Z,27
2019-11-11T21:28:56.419Z,33.48
2019-11-11T21:27:52.909Z,4.68
2019-11-11T21:24:44.297Z,5.4
2019-11-11T21:23:45.635Z,0
2019-11-11T21:22:37.863Z,14.04
2019-11-11T21:21:38.930Z,18.36
2019-11-11T21:18:28.006Z,0
2019-11-11T21:17:23.559Z,33.48
2019-11-11T21:16:20.477Z,29.88
2019-11-11T21:14:15.072Z,14.04
2019-11-11T21:12:11.333Z,14.04
2019-11-11T21:11:07.395Z,7.56
2019-11-11T21:10:05.108Z,11.16
2019-11-11T21:08:59.997Z,28.44
2019-11-11T21:03:12.571Z,24.12
2019-11-11T21:02:14.104Z,28.44
2019-11-11T21:00:04.337Z,3.24
2019-11-11T20:49:35.197Z,8.28
2019-11-11T20:47:59.195Z,5.4
2019-11-11T20:44:17.622Z,22.32
2019-11-11T20:43:14.359Z,9.72
2019-11-11T20:41:11.839Z,16.2
2019-11-11T20:40:06.019Z,16.2
2019-11-11T20:39:04.274Z,17.64
2019-11-11T20:38:00.774Z,17.64
2019-11-11T20:36:56.962Z,33.48
2019-11-11T20:35:52.963Z,11.88
2019-11-11T20:34:50.669Z,11.16
2019-11-11T20:32:43.282Z,32.76
2019-11-11T20:31:43.300Z,0
2019-11-11T20:30:40.448Z,9.72
2019-11-11T20:29:37.965Z,7.56
2019-11-11T20:28:31.315Z,27.72
2019-11-11T20:27:30.208Z,68.04
2019-11-11T20:26:25.133Z,38.88
2019-11-11T20:25:21.942Z,30.6
2019-11-11T20:24:18.163Z,16.92
2019-11-11T20:21:14.781Z,3.96
2019-11-11T20:20:06.150Z,4.68
2019-11-11T20:19:06.544Z,23.04
2019-11-11T20:18:02.720Z,36.72
2019-11-11T20:16:58.922Z,8.28
2019-11-11T20:15:54.458Z,6.12
2019-11-11T20:14:51.713Z,27.72
2019-11-11T20:10:38.320Z,16.92
2019-11-11T20:09:37.461Z,6.12
2019-11-11T20:07:30.790Z,36
2019-11-11T20:05:24.462Z,35.28
2019-11-11T20:04:20.365Z,41.04
2019-11-11T20:03:17.253Z,40.32
2019-11-11T20:02:14.074Z,41.76
2019-11-11T20:00:08.017Z,21.96
2019-11-11T19:59:10.029Z,22.32
2019-11-11T19:58:04.478Z,27.72
2019-11-11T19:57:00.355Z,28.44
2019-11-11T19:55:56.953Z,29.88
2019-11-11T19:54:52.210Z,17.64
2019-11-11T19:52:46.154Z,36
2019-11-11T19:50:42.668Z,36.72
2019-11-11T19:49:38.821Z,56.16
2019-11-11T19:48:34.235Z,8.28
2019-11-11T19:47:33.960Z,0
2019-11-11T19:46:29.858Z,16.92
2019-11-11T19:45:24.724Z,17.64
2019-11-11T19:44:22.023Z,29.88
2019-11-11T19:43:17.813Z,16.2
2019-11-11T19:41:11.796Z,5.4
2019-11-11T19:40:09.927Z,31.32
2019-11-11T19:39:07.226Z,35.28
2019-11-11T19:38:06.122Z,65.52
2019-11-11T19:37:02.966Z,24.12
2019-11-11T19:35:57.437Z,36
2019-11-11T19:34:53.790Z,33.48
2019-11-11T19:33:50.312Z,5.4
2019-11-11T19:32:47.203Z,35.28
2019-11-11T19:29:44.360Z,7.56
2019-11-11T19:27:34.459Z,48.96
2019-11-11T19:26:30.942Z,36.72
2019-11-11T19:25:27.605Z,6.84
2019-11-11T19:24:24.504Z,17.64
2019-11-11T19:23:20.356Z,16.92
2019-11-11T19:21:15.420Z,16.2
2019-11-11T19:18:07.876Z,29.16
2019-11-11T19:17:04.773Z,61.92
2019-11-11T19:16:03.384Z,21.24
2019-11-11T19:13:54.476Z,16.2
2019-11-11T19:12:52.317Z,12.6
2019-11-11T19:10:44.023Z,14.04
2019-11-11T19:09:44.820Z,6.84
2019-11-11T19:08:37.986Z,3.24
2019-11-11T19:07:38.876Z,36
2019-11-11T19:06:33.138Z,9
2019-11-11T19:05:30.647Z,20.52
2019-11-11T19:04:26.609Z,36.72
2019-11-11T19:03:23.596Z,35.28
2019-11-11T19:02:19.191Z,32.76
2019-11-11T19:01:16.549Z,3.96
2019-11-11T18:58:11.610Z,31.32
2019-11-11T18:57:07.724Z,14.04
2019-11-11T18:56:02.219Z,34.92
2019-11-11T18:54:59.046Z,6.84
2019-11-11T18:53:55.561Z,9.72
2019-11-11T18:52:51.669Z,18.36
2019-11-11T18:51:49.439Z,6.84
2019-11-11T18:50:46.697Z,32.76
2019-11-11T18:48:40.787Z,9
2019-11-11T18:47:40.087Z,12.6
2019-11-11T18:46:35.840Z,29.16
2019-11-11T18:45:31.193Z,7.56
2019-11-11T18:44:30.448Z,11.16
2019-11-11T18:43:25.813Z,34.92
2019-11-11T18:42:22.603Z,46.44
2019-11-11T18:41:18.406Z,30.6
2019-11-11T18:40:16.264Z,16.92
2019-11-11T18:38:14.091Z,63.72
2019-11-11T18:37:09.478Z,3.24
2019-11-11T18:36:05.854Z,38.16
2019-11-11T18:35:02.714Z,29.16
2019-11-11T18:33:56.479Z,18.36
2019-11-11T18:31:49.291Z,21.24
2019-11-11T18:27:40.088Z,36
2019-11-11T18:26:05.463Z,14.04
2019-11-11T18:24:29.388Z,24.84
2019-11-11T18:21:18.116Z,27
2019-11-11T18:18:12.082Z,28.44
2019-11-11T18:16:35.196Z,40.32
2019-11-11T18:13:28.333Z,14.76
2019-11-11T18:09:15.181Z,19.08
2019-11-11T18:07:07.780Z,3.24
2019-11-11T18:06:07.086Z,31.32
2019-11-11T18:05:06.691Z,19.08
2019-11-11T18:04:00.749Z,9
2019-11-11T18:01:53.004Z,25.56
2019-11-11T18:00:52.411Z,32.04
2019-11-11T17:58:43.328Z,0
2019-11-11T17:57:47.299Z,19.08
2019-11-11T17:55:34.957Z,29.16
2019-11-11T17:54:33.810Z,10.44
2019-11-11T17:53:31.411Z,3.24
2019-11-11T17:52:27.059Z,7.56
2019-11-11T17:51:21.960Z,16.2
2019-11-11T17:49:16.481Z,29.16
2019-11-11T17:46:10.393Z,37.44
2019-11-11T17:45:05.391Z,23.76
2019-11-11T17:44:02.076Z,4.68
2019-11-11T17:42:56.922Z,36.72
2019-11-11T17:41:53.944Z,9.72
2019-11-11T17:40:52.223Z,14.76
2019-11-11T17:38:45.451Z,21.96
2019-11-11T17:37:48.561Z,31.32
2019-11-11T17:36:38.147Z,38.88
2019-11-11T17:35:38.315Z,21.24
2019-11-11T17:34:36.476Z,17.64
2019-11-11T17:33:33.412Z,14.76
2019-11-11T17:32:27.602Z,20.52
2019-11-11T17:31:23.249Z,31.32
2019-11-11T17:30:18.674Z,9.72
2019-11-11T17:27:09.638Z,34.2
2019-11-11T17:26:12.882Z,13.32
2019-11-11T17:25:10.945Z,37.44
2019-11-11T17:24:04.710Z,3.24
2019-11-11T17:22:57.888Z,17.64
2019-11-11T17:21:54.827Z,39.6
2019-11-11T17:16:38.411Z,2.52
2019-11-11T17:15:38.773Z,0
2019-11-11T17:14:37.869Z,15.48
2019-11-11T17:13:33.717Z,6.84
2019-11-11T17:12:27.363Z,17.64
2019-11-11T17:10:19.616Z,13.32
2019-11-11T17:09:16.060Z,0
2019-11-11T17:03:32.601Z,23.04
2019-11-11T17:02:28.702Z,34.2
2019-11-11T17:01:25.129Z,34.92
2019-11-11T17:00:20.486Z,27.72
2019-11-11T16:59:16.714Z,11.16
2019-11-11T16:58:14.664Z,27.72
2019-11-11T16:56:12.916Z,6.12
2019-11-11T16:55:06.805Z,29.16
2019-11-11T16:54:05.142Z,19.8
2019-11-11T16:52:59.594Z,27.72
2019-11-11T16:51:55.951Z,34.2
2019-11-11T16:50:52.699Z,5.4
2019-11-11T16:49:50.043Z,3.96
2019-11-11T16:48:50.406Z,18.36
2019-11-11T16:46:42.585Z,28.44
2019-11-11T16:45:40.160Z,32.04
2019-11-11T16:44:43.500Z,30.6
2019-11-11T16:43:37.109Z,11.88
2019-11-11T16:42:30.982Z,15.48
2019-11-11T16:41:26.339Z,6.12
2019-11-11T16:39:20.409Z,22.32
2019-11-11T16:37:14.902Z,0
2019-11-11T16:34:09.749Z,8.28
2019-11-11T16:33:06.189Z,21.24
2019-11-11T16:32:01.347Z,17.64
2019-11-11T16:30:56.104Z,10.44
2019-11-11T16:28:49.816Z,19.8
2019-11-11T16:27:46.799Z,28.44
2019-11-11T16:25:44.288Z,0
2019-11-11T16:24:36.702Z,11.16
2019-11-11T16:23:38.241Z,0
2019-11-11T16:22:32.386Z,3.24
2019-11-11T16:20:25.790Z,0
2019-11-11T16:19:22.804Z,0
2019-11-11T16:18:19.514Z,5.4
2019-11-11T16:17:16.364Z,14.04
2019-11-11T16:15:19.776Z,17.64
2019-11-11T16:14:13.865Z,0
2019-11-11T16:13:07.781Z,3.96
2019-11-11T16:12:02.963Z,5.4
2019-11-11T16:10:59.536Z,3.96
2019-11-11T16:09:55.178Z,16.92
2019-11-11T16:07:49.116Z,35.28
2019-11-11T16:06:46.529Z,29.16
2019-11-11T16:04:39.884Z,16.92
2019-11-11T16:03:42.341Z,7.56
2019-11-11T16:01:34.975Z,27
2019-11-11T15:58:20.910Z,24.12
2019-11-11T15:25:15.295Z,14.04
2019-11-11T15:23:47.119Z,19.8
2019-11-11T13:33:51.951Z,0
2019-11-11T13:23:52.607Z,24.12
2019-11-11T13:22:50.227Z,27
2019-11-11T13:21:46.580Z,23.04
2019-11-11T13:19:46.834Z,18.36
2019-11-11T13:18:37.900Z,16.92
2019-11-11T13:16:34.344Z,33.48
2019-11-11T13:15:31.677Z,18.36
2019-11-11T13:14:28.075Z,15.48
2019-11-11T13:13:23.189Z,23.04
2019-11-11T13:12:19.950Z,20.52
2019-11-11T13:10:13.365Z,17.64
2019-11-11T13:08:09.737Z,11.88
2019-11-11T13:07:36.060Z,14.76
2019-11-11T13:06:02.108Z,16.92
2019-11-11T13:04:58.476Z,19.8
2019-11-11T13:03:54.395Z,0
2019-11-11T13:01:48.407Z,19.08
2019-11-11T13:00:45.368Z,15.48
2019-11-11T12:59:47.651Z,2.52
2019-11-11T12:58:37.002Z,26.28
2019-11-11T12:57:36.470Z,0
2019-11-11T12:56:32.759Z,27
2019-11-11T12:55:29.482Z,11.16
2019-11-11T12:51:18.371Z,0
2019-11-11T12:50:13.591Z,9
2019-11-11T12:48:12.909Z,9
2019-11-11T12:47:07.974Z,12.6
2019-11-11T12:46:03.323Z,25.56
2019-11-11T12:44:59.460Z,36
2019-11-11T12:43:55.966Z,66.96
2019-11-11T12:42:51.997Z,26.28
2019-11-11T12:41:49.096Z,36
2019-11-11T12:40:48.372Z,20.52
2019-11-11T12:38:43.084Z,21.96
2019-11-11T12:37:41.802Z,39.6
2019-11-11T12:35:32.566Z,11.88
2019-11-11T12:34:30.384Z,14.76
2019-11-11T12:33:26.244Z,12.6
2019-11-11T12:32:21.242Z,25.56
2019-11-11T12:31:18.283Z,14.76
2019-11-11T12:29:12.634Z,24.12
2019-11-11T12:28:13.032Z,25.56
2019-11-11T12:27:08.124Z,30.6
2019-11-11T12:25:01.197Z,42.48
2019-11-11T12:24:00.408Z,3.96
2019-11-11T12:20:48.716Z,14.04
2019-11-11T12:17:41.760Z,27
2019-11-11T12:16:36.043Z,22.32
2019-11-11T12:15:33.997Z,11.16
2019-11-11T12:14:33.231Z,19.08
2019-11-11T12:13:29.248Z,18.36
2019-11-11T12:12:23.825Z,13.32
2019-11-11T12:10:17.043Z,12.6
2019-11-11T12:09:13.870Z,55.08
2019-11-11T12:06:07.158Z,3.24
2019-11-11T12:05:03.922Z,21.24
2019-11-11T12:03:58.555Z,4.68
2019-11-11T12:02:57.076Z,24.12
2019-11-11T12:01:51.383Z,0
2019-11-11T12:00:48.439Z,23.76
2019-11-11T11:59:45.956Z,14.76
2019-11-11T11:57:44.472Z,19.8
2019-11-11T11:56:37.803Z,16.2
2019-11-11T11:55:37.685Z,6.12
2019-11-11T11:54:31.318Z,0
2019-11-11T11:53:29.926Z,4.68
2019-11-11T11:52:26.126Z,9.36
2019-11-11T11:51:21.742Z,12.6
2019-11-11T11:50:18.250Z,0
2019-11-11T11:49:16.179Z,23.04
2019-11-11T11:46:07.579Z,16.2
2019-11-11T11:45:07.011Z,14.04
2019-11-11T11:44:05.790Z,25.56
2019-11-11T11:42:57.598Z,0
2019-11-11T11:41:53.450Z,0
2019-11-11T11:40:51.727Z,17.64
2019-11-11T11:39:47.644Z,11.16
2019-11-11T11:38:45.153Z,20.52
2019-11-11T11:36:39.242Z,16.2
2019-11-11T11:35:39.716Z,12.6
2019-11-11T11:34:39.151Z,0
2019-11-11T11:33:33.072Z,2.52
2019-11-11T11:32:29.216Z,0
2019-11-11T11:31:24.400Z,6.84
2019-11-11T11:30:21.161Z,0
2019-11-11T11:02:29.503Z,3.96
2019-11-11T11:01:25.296Z,19.08
2019-11-11T11:00:21.624Z,26.28
2019-11-11T10:59:18.735Z,17.64
2019-11-11T10:58:15.677Z,0
2019-11-11T10:57:13.200Z,16.92
2019-11-11T10:56:11.823Z,14.76
2019-11-11T10:55:07.026Z,12.6
2019-11-11T10:54:04.132Z,8.28
2019-11-11T10:53:00.473Z,3.24
2019-11-11T10:51:25.393Z,0
2019-11-11T10:49:19.654Z,24.12
2019-11-11T10:47:13.599Z,14.76
2019-11-11T10:46:10.463Z,2.52
2019-11-11T10:44:06.968Z,18.36
2019-11-11T10:43:02.261Z,24.84
2019-11-11T10:40:55.930Z,6.12
2019-11-11T10:39:51.593Z,30.6
2019-11-11T10:38:48.472Z,18.36
2019-11-11T10:37:45.681Z,38.16
2019-11-11T10:36:44.153Z,30.6
2019-11-11T10:35:42.224Z,31.32
2019-11-11T10:34:37.009Z,13.32
2019-11-11T10:33:33.833Z,35.28
2019-11-11T10:32:32.459Z,6.84
2019-11-11T10:31:28.242Z,12.6
2019-11-11T10:29:21.803Z,28.44
2019-11-11T10:27:15.509Z,14.04
2019-11-11T10:26:12.642Z,18.36
2019-11-11T10:24:38.202Z,16.92
2019-11-11T10:23:35.082Z,2.52
2019-11-11T10:22:32.709Z,20.52
2019-11-11T10:21:29.508Z,3.96
2019-11-11T10:19:23.411Z,24.12
2019-11-11T09:59:57.548Z,21.24
2019-11-11T09:58:54.255Z,3.96
2019-11-11T09:57:50.972Z,21.96
2019-11-11T09:56:47.989Z,3.96
2019-11-11T09:55:48.908Z,0
2019-11-11T09:53:40.131Z,0
2019-11-11T09:52:37.125Z,4.68
2019-11-11T09:51:35.401Z,23.04
2019-11-11T09:50:30.202Z,6.84
2019-11-11T09:49:27.338Z,19.8
2019-11-11T09:48:24.374Z,24.84
2019-11-11T09:47:20.752Z,24.84
2019-11-11T09:46:17.418Z,24.12
2019-11-11T09:45:16.989Z,14.04
2019-11-11T09:43:11.272Z,11.16
2019-11-11T09:42:09.525Z,13.32
2019-11-11T09:41:07.207Z,4.68
2019-11-11T09:37:52.704Z,4.68
2019-11-11T09:36:49.496Z,26.28
2019-11-11T09:33:44.811Z,14.04
2019-11-11T09:32:36.844Z,0
2019-11-11T09:27:53.070Z,15.48
2019-11-11T09:26:50.395Z,35.28
2019-11-11T09:24:44.029Z,13.32
2019-11-11T09:23:42.918Z,21.96
2019-11-11T09:22:38.949Z,2.52
2019-11-11T09:21:37.389Z,18.36
2019-11-11T09:20:32.412Z,0
2019-11-11T09:19:29.181Z,4.68
2019-11-11T09:18:25.792Z,16.2
2019-11-11T09:17:23.688Z,18.36
2019-11-11T09:16:19.612Z,29.16
2019-11-11T05:56:11.633Z,11.88
2019-11-11T04:01:18.398Z,13.32
2019-11-11T03:58:22.928Z,17.64
2019-11-11T03:55:45.218Z,8.28
2019-11-11T03:53:57.801Z,15.48
2019-11-11T03:53:07.648Z,9.72
2019-11-11T03:52:22.502Z,14.76
2019-11-11T03:51:33.266Z,13.32
2019-11-11T03:50:48.896Z,11.88
2019-11-11T03:49:58.795Z,14.76
2019-11-11T03:49:13.525Z,12.6
2019-11-11T03:48:23.853Z,11.16
2019-11-11T03:45:52.015Z,11.16
2019-11-11T03:45:02.285Z,15.48
2019-11-11T03:41:34.442Z,12.6
2019-11-11T03:40:49.113Z,24.12
2019-11-11T03:40:00.358Z,14.76
2019-11-11T03:39:13.713Z,9
2019-11-11T03:35:02.932Z,12.6
2019-11-11T03:33:12.877Z,9.72
2019-11-11T03:31:21.011Z,14.76
2019-11-11T03:29:29.967Z,9
2019-11-11T03:28:42.976Z,18.36
2019-11-11T03:26:07.812Z,8.28
2019-11-11T03:25:17.106Z,12.6
2019-11-11T03:22:10.433Z,12.6
2019-11-11T03:21:08.428Z,16.92
2019-11-11T03:19:30.358Z,11.16
2019-11-11T03:16:52.584Z,11.16
2019-11-11T03:16:07.952Z,16.2
2019-11-11T03:14:16.447Z,11.88
2019-11-11T03:13:12.118Z,18.36
2019-11-11T03:12:11.227Z,18.36
2019-11-11T03:11:08.839Z,11.88
2019-11-11T03:10:05.710Z,19.08
2019-11-11T03:09:00.260Z,16.92
2019-11-11T03:07:57.907Z,19.08
2019-11-11T03:06:54.098Z,14.04
2019-11-11T03:01:07.816Z,19.08
2019-11-11T03:00:07.223Z,14.76
2019-11-11T02:59:01.775Z,14.76
2019-11-11T02:57:59.282Z,18.36
2019-11-11T02:56:55.947Z,9.72
2019-11-11T02:55:52.796Z,14.76
2019-11-11T02:54:50.651Z,19.8
2019-11-11T02:53:46.709Z,23.04
2019-11-11T02:51:40.381Z,16.2
2019-11-11T02:50:36.667Z,25.56
2019-11-11T02:49:35.423Z,12.6
2019-11-11T02:48:31.721Z,18.36
2019-11-11T02:47:27.565Z,17.64
2019-11-11T02:46:24.799Z,19.8
2019-11-11T02:45:21.671Z,16.2
2019-11-11T02:44:19.458Z,20.52
2019-11-11T02:43:15.706Z,17.64
2019-11-11T02:41:10.986Z,17.64
2019-11-11T02:40:06.101Z,15.48
2019-11-11T02:39:05.080Z,16.92
2019-11-11T02:38:00.750Z,16.2
2019-11-11T02:36:57.064Z,18.36
2019-11-11T02:35:53.709Z,19.08
2019-11-11T02:34:50.574Z,22.32
2019-11-11T02:33:48.443Z,13.32
2019-11-11T02:32:43.081Z,7.56
2019-11-11T02:31:40.738Z,18.36
2019-11-11T02:30:36.635Z,21.96
2019-11-11T02:29:34.142Z,24.84
2019-11-11T02:28:30.910Z,13.32
2019-11-11T02:27:26.719Z,17.64
2019-11-11T02:26:23.306Z,14.76
2019-11-11T02:25:20.182Z,16.2
2019-11-11T02:24:17.224Z,14.04
2019-11-11T02:23:13.784Z,16.92
2019-11-11T02:22:13.124Z,23.76
2019-11-11T02:21:11.027Z,19.8
2019-11-11T02:19:02.727Z,18.36
2019-11-11T02:17:59.805Z,13.32
2019-11-11T02:16:56.581Z,15.48
2019-11-11T02:15:52.038Z,17.64
2019-11-11T02:14:49.815Z,23.76
2019-11-11T02:13:45.104Z,14.04
2019-11-11T02:11:40.514Z,16.2
2019-11-11T02:10:36.049Z,16.92
2019-11-11T02:09:33.246Z,9
2019-11-11T02:08:30.744Z,11.16
2019-11-11T02:07:27.743Z,11.16
2019-11-11T02:06:24.361Z,18.36
2019-11-11T02:05:21.302Z,7.56
2019-11-11T02:04:18.122Z,9
2019-11-11T02:03:15.377Z,8.28
2019-11-11T02:02:12.143Z,11.16
2019-11-11T02:00:06.117Z,15.48
2019-11-11T01:59:03.786Z,11.88
2019-11-11T01:58:00.461Z,12.6
2019-11-11T01:56:57.077Z,11.88
2019-11-11T01:55:54.479Z,16.2
2019-11-11T01:54:51.205Z,14.04
2019-11-11T01:52:45.236Z,12.6
2019-11-11T01:50:38.927Z,6.12
2019-11-11T01:49:36.472Z,12.6
2019-11-11T01:48:33.186Z,14.04
2019-11-11T01:47:30.434Z,14.04
2019-11-11T01:46:27.927Z,12.6
2019-11-11T01:45:23.620Z,7.56
2019-11-11T01:44:20.535Z,11.88
2019-11-11T01:42:14.496Z,10.44
2019-11-11T01:41:12.182Z,9.72
2019-11-11T01:40:08.623Z,12.6
2019-11-11T01:39:08.146Z,9
2019-11-11T01:38:04.603Z,3.24
2019-11-11T01:36:59.989Z,6.84
2019-11-11T01:35:56.830Z,8.28
2019-11-11T01:34:53.187Z,14.76
2019-11-11T01:32:48.172Z,8.28
2019-11-11T01:31:43.997Z,9.72
2019-11-11T01:30:42.126Z,13.32
2019-11-11T01:29:38.852Z,11.16
2019-11-11T01:27:33.154Z,10.44
2019-11-11T01:26:29.028Z,4.68
2019-11-11T01:25:26.694Z,12.6
2019-11-11T01:24:22.660Z,8.28
2019-11-11T01:23:20.026Z,14.76
2019-11-11T01:22:16.876Z,15.48
2019-11-11T01:20:10.262Z,10.44
2019-11-11T01:19:06.965Z,6.84
2019-11-11T01:18:04.723Z,16.92
2019-11-11T01:17:01.517Z,5.4
2019-11-11T01:15:58.575Z,6.84
2019-11-11T01:12:49.308Z,6.12
2019-11-11T01:11:48.008Z,13.32
2019-11-11T01:10:43.645Z,11.16
2019-11-11T01:09:40.176Z,5.4
2019-11-11T01:08:37.281Z,11.88
2019-11-11T01:07:34.077Z,14.04
2019-11-11T01:06:30.607Z,10.44
2019-11-11T01:05:27.537Z,6.84
2019-11-11T01:04:25.253Z,12.6
2019-11-11T01:03:22.065Z,11.88
2019-11-11T01:02:18.731Z,7.56
2019-11-11T01:01:14.976Z,5.4
2019-11-11T00:58:06.213Z,14.04
2019-11-11T00:57:03.070Z,14.76
2019-11-11T00:56:01.090Z,8.28
2019-11-11T00:54:56.997Z,9
2019-11-11T00:53:54.563Z,14.76
2019-11-11T00:52:51.669Z,12.6
2019-11-11T00:51:48.142Z,12.6
2019-11-11T00:50:45.002Z,11.88
2019-11-11T00:48:39.099Z,13.32
2019-11-11T00:47:37.331Z,12.6
2019-11-11T00:45:30.658Z,14.04
2019-11-11T00:44:29.387Z,10.44
2019-11-11T00:43:24.173Z,10.44
2019-11-11T00:42:21.491Z,9.72
2019-11-11T00:40:14.888Z,7.56
2019-11-11T00:38:10.628Z,9
2019-11-11T00:36:03.879Z,11.16
2019-11-11T00:35:01.356Z,8.28
2019-11-11T00:33:57.161Z,9.72
2019-11-11T00:32:54.004Z,8.28
2019-11-11T00:30:47.690Z,3.96
2019-11-11T00:29:48.038Z,5.4
2019-11-11T00:28:41.944Z,5.4
2019-11-11T00:27:40.260Z,8.28
2019-11-11T00:26:35.785Z,9
2019-11-11T00:25:32.485Z,0
2019-11-11T00:24:29.969Z,4.68
2019-11-11T00:23:27.380Z,7.56
2019-11-11T00:22:23.756Z,4.68
2019-11-11T00:21:21.138Z,0
2019-11-11T00:20:17.502Z,11.88
2019-11-11T00:19:15.086Z,12.6
2019-11-11T00:18:11.465Z,6.12
2019-11-11T00:17:08.698Z,6.84
2019-11-11T00:16:06.165Z,8.28
2019-11-11T00:15:04.989Z,9.72
2019-11-11T00:14:01.439Z,8.28
2019-11-11T00:12:56.420Z,9.72
2019-11-11T00:11:53.810Z,4.68
2019-11-11T00:10:50.717Z,9
2019-11-11T00:09:49.194Z,11.88
2019-11-11T00:08:44.475Z,10.44
2019-11-11T00:06:38.711Z,9
2019-11-11T00:05:36.854Z,10.44
2019-11-11T00:04:32.670Z,11.16
2019-11-11T00:03:30.481Z,11.88
2019-11-11T00:02:27.142Z,11.88
2019-11-11T00:01:23.538Z,9.72
2019-11-11T00:00:20.488Z,9.72
2019-11-10T23:59:17.523Z,3.96
2019-11-10T23:58:14.064Z,9
2019-11-10T23:57:11.247Z,11.16
2019-11-10T23:56:07.972Z,3.24
2019-11-10T23:55:05.308Z,9.72
2019-11-10T23:54:01.733Z,0
2019-11-10T23:52:58.574Z,9
2019-11-10T23:51:55.621Z,8.28
2019-11-10T23:50:52.693Z,3.96
2019-11-10T23:49:49.574Z,6.12
2019-11-10T23:48:46.640Z,7.56
2019-11-10T23:47:43.559Z,10.44
2019-11-10T23:46:42.959Z,0
2019-11-10T23:45:38.044Z,3.96
2019-11-10T23:44:37.211Z,10.44
2019-11-10T23:42:29.273Z,0
2019-11-10T23:40:22.002Z,8.28
2019-11-10T23:39:18.604Z,0
2019-11-10T23:38:15.808Z,0
2019-11-10T23:36:11.576Z,3.24
2019-11-10T23:35:08.631Z,0
2019-11-10T23:34:05.384Z,5.4
2019-11-10T23:33:01.323Z,0
2019-11-10T23:31:57.904Z,8.28
2019-11-10T23:30:54.789Z,11.16
2019-11-10T23:28:48.440Z,3.24
2019-11-10T23:25:40.424Z,0
2019-11-10T23:24:36.532Z,0
2019-11-10T23:23:35.098Z,0
2019-11-10T23:22:30.928Z,2.52
2019-11-10T23:21:28.264Z,0
2019-11-10T23:20:24.598Z,0
2019-11-10T23:19:21.461Z,6.12
2019-11-10T23:18:18.626Z,0
2019-11-10T23:17:15.673Z,0
2019-11-10T23:16:14.035Z,0
2019-11-10T23:14:08.858Z,0
2019-11-10T23:13:04.522Z,0
2019-11-10T23:12:02.162Z,0
2019-11-10T23:10:57.674Z,3.24
2019-11-10T23:09:54.652Z,0
2019-11-10T23:07:48.458Z,3.96
2019-11-10T23:06:45.591Z,0
2019-11-10T23:05:44.940Z,0
2019-11-10T22:59:56.338Z,0
2019-11-10T22:58:53.047Z,4.68
2019-11-10T22:57:49.869Z,0
2019-11-10T22:56:46.869Z,0
2019-11-10T22:55:45.972Z,0
2019-11-10T22:54:41.226Z,0
2019-11-10T22:53:42.292Z,0
2019-11-10T22:52:35.057Z,0
2019-11-10T22:51:32.710Z,0
2019-11-10T22:50:29.471Z,0
2019-11-10T22:49:27.568Z,0
2019-11-10T22:48:23.569Z,0
2019-11-10T22:47:20.011Z,0
2019-11-10T22:46:16.826Z,0
2019-11-10T22:45:14.925Z,0
2019-11-10T22:43:07.898Z,0
2019-11-10T22:42:05.884Z,0
2019-11-10T22:41:04.033Z,0
2019-11-10T22:39:58.901Z,0
2019-11-10T22:38:55.820Z,0
2019-11-10T22:37:52.407Z,0
2019-11-10T22:36:49.732Z,3.96
2019-11-10T22:35:46.406Z,4.68
2019-11-10T22:34:43.826Z,0
2019-11-10T22:33:41.885Z,9.72
2019-11-10T22:32:37.423Z,0
2019-11-10T22:31:35.047Z,4.68
2019-11-10T22:30:32.336Z,0
2019-11-10T22:29:29.191Z,5.4
2019-11-10T22:28:25.569Z,7.56
2019-11-10T22:27:22.409Z,6.84
2019-11-10T22:26:19.764Z,3.24
2019-11-10T22:25:16.877Z,16.92
2019-11-10T22:24:13.533Z,14.04
2019-11-10T22:18:26.764Z,17.64
2019-11-10T22:17:23.778Z,9.72
2019-11-10T22:16:21.004Z,9.72
2019-11-10T22:14:14.604Z,9
2019-11-10T22:11:06.500Z,3.96
2019-11-10T22:10:02.951Z,0
2019-11-10T22:08:58.700Z,16.2
2019-11-10T22:07:55.526Z,12.6
2019-11-10T22:06:52.433Z,16.2
2019-11-10T22:05:49.595Z,11.88
2019-11-10T22:04:47.997Z,8.28
2019-11-10T22:03:42.955Z,3.96
2019-11-10T22:02:41.739Z,0
2019-11-10T22:01:38.935Z,17.64
2019-11-10T21:59:31.122Z,18.36
2019-11-10T21:58:28.363Z,7.56
2019-11-10T21:57:25.354Z,12.6
2019-11-10T21:56:22.594Z,9
2019-11-10T21:55:18.996Z,10.44
2019-11-10T21:54:16.881Z,14.76
2019-11-10T21:53:12.880Z,8.28
2019-11-10T21:52:10.107Z,13.32
2019-11-10T21:51:13.383Z,22.32
2019-11-10T21:50:05.049Z,16.92
2019-11-10T21:47:58.462Z,27
2019-11-10T21:46:54.894Z,16.2
2019-11-10T21:45:51.885Z,11.16
2019-11-10T21:44:49.999Z,27
2019-11-10T21:42:42.426Z,22.32
2019-11-10T21:41:40.368Z,16.2
2019-11-10T21:40:36.985Z,24.84
2019-11-10T21:39:33.451Z,32.04
2019-11-10T21:38:30.699Z,14.04
2019-11-10T21:37:27.611Z,16.56
2019-11-10T21:36:23.575Z,19.8
2019-11-10T21:35:20.770Z,35.28
2019-11-10T21:34:16.738Z,34.92
2019-11-10T21:33:13.368Z,14.04
2019-11-10T21:32:13.156Z,27
2019-11-10T21:30:06.726Z,17.64
2019-11-10T21:29:02.149Z,16.2
2019-11-10T21:27:59.949Z,16.92
2019-11-10T21:26:55.467Z,17.64
2019-11-10T21:25:51.889Z,6.84
2019-11-10T21:24:49.322Z,29.16
2019-11-10T21:23:45.966Z,24.84
2019-11-10T21:21:41.085Z,11.88
2019-11-10T21:20:36.484Z,22.32
2019-11-10T21:19:33.635Z,25.56
2019-11-10T21:18:31.262Z,3.24
2019-11-10T21:17:28.471Z,16.92
2019-11-10T21:16:24.806Z,17.64
2019-11-10T21:15:21.850Z,19.8
2019-11-10T21:14:18.448Z,27
2019-11-10T21:13:15.709Z,27
2019-11-10T21:11:10.099Z,21.24
2019-11-10T21:10:07.166Z,23.04
2019-11-10T21:09:04.592Z,45
2019-11-10T21:08:01.625Z,33.48
2019-11-10T21:06:57.570Z,19.8
2019-11-10T21:05:53.658Z,27.72
2019-11-10T21:04:53.457Z,27
2019-11-10T21:03:47.943Z,18.36
2019-11-10T21:02:44.673Z,16.2
2019-11-10T21:01:42.591Z,7.56
2019-11-10T21:00:39.022Z,12.6
2019-11-10T20:59:37.763Z,16.2
2019-11-10T20:58:32.383Z,9.72
2019-11-10T20:57:30.026Z,5.4
2019-11-10T20:56:27.770Z,14.04
2019-11-10T20:55:23.459Z,9
2019-11-10T20:54:19.400Z,9.72
2019-11-10T20:53:16.581Z,16.92
2019-11-10T20:49:36.987Z,17.64
2019-11-10T20:48:33.309Z,32.76
2019-11-10T20:47:29.806Z,11.16
2019-11-10T20:46:27.505Z,23.04
2019-11-10T20:45:23.445Z,25.56
2019-11-10T20:44:20.453Z,11.88
2019-11-10T20:42:14.697Z,11.16
2019-11-10T20:40:08.531Z,11.88
2019-11-10T20:39:06.221Z,13.32
2019-11-10T20:38:05.480Z,9
2019-11-10T20:37:01.677Z,3.96
2019-11-10T20:35:57.249Z,8.28
2019-11-10T20:34:53.477Z,6.84
2019-11-10T20:33:50.460Z,0
2019-11-10T20:32:48.011Z,7.56
2019-11-10T20:31:44.403Z,3.96
2019-11-10T20:30:42.870Z,16.2
2019-11-10T20:29:41.573Z,5.4
2019-11-10T20:28:36.076Z,18.36
2019-11-10T20:27:34.273Z,17.64
2019-11-10T20:26:30.638Z,14.76
2019-11-10T20:25:28.694Z,16.92
2019-11-10T20:24:23.673Z,11.88
2019-11-10T20:18:36.749Z,19.08
2019-11-10T20:17:35.650Z,11.16
2019-11-10T20:16:31.436Z,11.88
2019-11-10T20:15:27.533Z,20.52
2019-11-10T20:14:25.643Z,14.76
2019-11-10T20:13:21.450Z,27
2019-11-10T20:12:18.446Z,15.48
2019-11-10T20:11:15.454Z,5.4
2019-11-10T20:09:09.405Z,9.72
2019-11-10T20:08:07.791Z,17.64
2019-11-10T20:07:03.986Z,10.44
2019-11-10T20:06:01.627Z,13.32
2019-11-10T20:04:59.191Z,3.96
2019-11-10T20:03:54.402Z,5.4
2019-11-10T20:02:52.690Z,6.84
2019-11-10T20:00:45.809Z,11.16
2019-11-10T19:58:39.669Z,0
2019-11-10T19:57:37.484Z,2.52
2019-11-10T19:55:31.375Z,8.28
2019-11-10T19:54:28.611Z,9.72
2019-11-10T19:53:24.931Z,2.52
2019-11-10T19:52:21.313Z,6.12
2019-11-10T19:51:18.868Z,9.72
2019-11-10T19:50:15.489Z,6.84
2019-11-10T19:49:26.016Z,4.68
2019-11-10T19:48:09.221Z,10.44
2019-11-10T19:47:07.891Z,11.16
2019-11-10T19:46:04.073Z,3.96
2019-11-10T19:45:00.645Z,7.56
2019-11-10T19:43:58.127Z,0
2019-11-10T19:42:53.936Z,11.88
2019-11-10T19:40:48.693Z,8.28
2019-11-10T19:39:44.869Z,14.04
2019-11-10T19:38:43.934Z,15.48
2019-11-10T19:37:41.477Z,16.92
2019-11-10T19:36:36.010Z,8.28
2019-11-10T19:35:34.056Z,10.44
2019-11-10T19:33:26.933Z,9.72
2019-11-10T19:32:23.657Z,3.24
2019-11-10T19:31:20.518Z,9
2019-11-10T19:30:17.447Z,8.28
2019-11-10T19:29:14.295Z,14.76
2019-11-10T19:28:15.484Z,23.04
2019-11-10T19:27:10.214Z,16.92
2019-11-10T19:26:11.770Z,24.84
2019-11-10T19:25:04.782Z,28.44
2019-11-10T19:23:59.759Z,11.88
2019-11-10T19:22:57.138Z,21.24
2019-11-10T19:20:51.036Z,11.88
2019-11-10T19:19:46.464Z,14.04
2019-11-10T19:18:43.372Z,19.8
2019-11-10T19:17:42.464Z,15.48
2019-11-10T19:16:41.626Z,17.64
2019-11-10T19:15:40.943Z,0
2019-11-10T19:14:33.405Z,10.44
2019-11-10T19:13:29.713Z,19.08
2019-11-10T19:12:26.152Z,11.16
2019-11-10T19:11:21.802Z,3.24
2019-11-10T19:10:18.853Z,6.84
2019-11-10T19:09:15.958Z,3.24
2019-11-10T19:07:09.507Z,12.6
2019-11-10T19:06:09.632Z,5.4
2019-11-10T19:05:04.533Z,11.88
2019-11-10T19:04:01.786Z,12.6
2019-11-10T19:02:58.520Z,16.2
2019-11-10T19:01:54.758Z,9
2019-11-10T19:00:51.883Z,24.12
2019-11-10T18:59:48.765Z,7.56
2019-11-10T18:58:45.679Z,0
2019-11-10T18:56:40.714Z,0
2019-11-10T18:55:37.403Z,7.56
2019-11-10T18:54:34.648Z,0
2019-11-10T18:53:31.046Z,5.4
2019-11-10T18:51:55.979Z,19.8
2019-11-10T18:50:21.196Z,0
2019-11-10T18:48:46.644Z,0
2019-11-10T18:44:37.486Z,8.28
2019-11-10T18:43:34.587Z,11.88
2019-11-10T18:42:29.019Z,11.88
2019-11-10T18:41:26.732Z,3.24
2019-11-10T18:40:23.110Z,15.48
2019-11-10T18:39:19.071Z,3.24
2019-11-10T18:38:15.990Z,5.4
2019-11-10T18:36:12.765Z,0
2019-11-10T18:34:06.316Z,0
2019-11-10T18:33:02.661Z,0
2019-11-10T18:31:59.548Z,0
2019-11-10T18:30:55.646Z,0
2019-11-10T18:29:52.153Z,6.12
2019-11-10T18:28:50.244Z,9
2019-11-10T18:27:47.429Z,13.32
2019-11-10T18:25:41.636Z,0
2019-11-10T18:24:36.932Z,9
2019-11-10T18:23:37.217Z,0
2019-11-10T18:22:33.898Z,11.88
2019-11-10T18:21:29.250Z,11.88
2019-11-10T18:20:26.340Z,9
2019-11-10T18:19:22.283Z,2.52
2019-11-10T18:18:18.881Z,3.24
2019-11-10T18:17:15.604Z,9
2019-11-10T18:14:10.044Z,0
2019-11-10T18:13:06.440Z,0
2019-11-10T18:12:01.042Z,6.84
2019-11-10T18:10:58.786Z,12.6
2019-11-10T18:09:53.862Z,16.92
2019-11-10T18:08:50.676Z,24.84
2019-11-10T18:07:49.590Z,16.92
2019-11-10T18:05:44.970Z,5.4
2019-11-10T18:04:38.544Z,4.68
2019-11-10T18:03:38.317Z,10.44
2019-11-10T18:02:34.772Z,16.92
2019-11-10T18:01:30.082Z,0
2019-11-10T17:59:23.845Z,0
2019-11-10T17:58:20.481Z,8.28
2019-11-10T17:55:11.633Z,9
2019-11-10T17:54:10.763Z,10.44
2019-11-10T17:53:09.554Z,15.48
2019-11-10T17:52:04.780Z,4.68
2019-11-10T17:50:59.583Z,10.44
2019-11-10T17:49:56.724Z,0
2019-11-10T17:48:53.639Z,8.28
2019-11-10T17:47:50.378Z,16.92
2019-11-10T17:46:47.375Z,20.52
2019-11-10T17:44:41.709Z,11.16
2019-11-10T17:43:44.351Z,19.8
2019-11-10T17:42:38.570Z,37.44
2019-11-10T17:41:34.436Z,4.68
2019-11-10T17:40:29.915Z,22.32
2019-11-10T17:39:27.368Z,28.44
2019-11-10T17:38:23.410Z,16.2
2019-11-10T17:37:20.455Z,30.6
2019-11-10T17:35:15.044Z,9.72
2019-11-10T17:34:11.568Z,17.64
2019-11-10T17:32:08.331Z,19.08
2019-11-10T17:31:03.128Z,13.32
2019-11-10T17:30:01.961Z,14.76
2019-11-10T17:28:57.075Z,0
2019-11-10T17:27:53.565Z,10.44
2019-11-10T17:26:51.678Z,3.24
2019-11-10T17:25:47.602Z,0
2019-11-10T17:23:46.025Z,11.88
2019-11-10T17:22:40.756Z,12.6
2019-11-10T17:21:35.986Z,18.36
2019-11-10T17:20:33.530Z,6.12
2019-11-10T17:19:29.049Z,9.72
2019-11-10T17:18:26.760Z,11.88
2019-11-10T17:17:23.245Z,9.72
2019-11-10T17:16:19.789Z,14.04
2019-11-10T17:15:20.163Z,6.84
2019-11-10T17:14:16.690Z,6.12
2019-11-10T17:12:10.236Z,3.96
2019-11-10T17:11:10.678Z,8.28
2019-11-10T17:10:03.494Z,0
2019-11-10T17:09:02.260Z,0
2019-11-10T17:03:12.909Z,20.52
2019-11-10T17:02:11.752Z,6.84
2019-11-10T17:01:08.098Z,6.84
2019-11-10T16:59:01.448Z,9.72
2019-11-10T16:57:58.420Z,8.28
2019-11-10T16:55:51.263Z,9
2019-11-10T16:54:48.339Z,2.52
2019-11-10T16:51:40.928Z,4.68
2019-11-10T16:50:36.613Z,5.4
2019-11-10T16:49:36.308Z,7.56
2019-11-10T16:48:32.975Z,11.88
2019-11-10T16:47:31.240Z,15.48
2019-11-10T16:46:26.228Z,12.6
2019-11-10T16:45:21.977Z,3.96
2019-11-10T16:44:18.393Z,16.2
2019-11-10T16:43:15.374Z,3.24
2019-11-10T16:40:05.962Z,10.44
2019-11-10T16:39:05.351Z,0
2019-11-10T16:38:02.679Z,9.72
2019-11-10T16:36:58.595Z,7.56
2019-11-10T16:34:51.474Z,0
2019-11-10T16:33:52.005Z,12.6
2019-11-10T16:32:44.861Z,4.68
2019-11-10T16:31:43.847Z,9.72
2019-11-10T16:30:39.751Z,6.12
2019-11-10T16:29:37.627Z,11.16
2019-11-10T16:28:34.806Z,0
2019-11-10T16:27:30.631Z,3.96
2019-11-10T16:26:27.848Z,3.96
2019-11-10T16:25:24.083Z,9
2019-11-10T16:24:20.280Z,0
2019-11-10T16:23:17.426Z,0
2019-11-10T16:21:15.643Z,0
2019-11-10T16:20:08.305Z,0
2019-11-10T16:19:06.591Z,0
2019-11-10T16:18:02.773Z,0
2019-11-10T16:17:01.022Z,5.4
2019-11-10T16:15:56.461Z,0
2019-11-10T16:14:53.084Z,7.56
2019-11-10T16:13:49.778Z,12.6
2019-11-10T16:12:47.686Z,6.12
2019-11-10T16:11:43.740Z,6.12
2019-11-10T16:10:41.926Z,16.92
2019-11-10T16:09:41.207Z,0
2019-11-10T16:08:36.879Z,0
2019-11-10T16:07:32.697Z,0
2019-11-10T16:06:29.138Z,11.16
2019-11-10T16:05:25.215Z,0
2019-11-10T16:04:22.606Z,0
2019-11-10T16:03:19.307Z,6.12
2019-11-10T16:02:16.283Z,6.84
2019-11-10T16:00:12.084Z,4.68
2019-11-10T15:59:09.994Z,7.56
2019-11-10T15:58:05.275Z,0
2019-11-10T15:57:01.863Z,0
2019-11-10T15:55:58.998Z,3.96
2019-11-10T15:54:54.824Z,11.88
2019-11-10T15:53:51.834Z,0
2019-11-10T15:52:49.241Z,3.24
2019-11-10T15:51:45.809Z,18.36
2019-11-10T15:49:43.720Z,11.16
2019-11-10T15:47:35.531Z,0
2019-11-10T15:46:31.987Z,12.6
2019-11-10T15:44:26.270Z,0
2019-11-10T15:43:21.550Z,3.96
2019-11-10T15:42:18.621Z,2.52
2019-11-10T15:41:16.026Z,3.24
2019-11-10T15:39:09.470Z,7.56
2019-11-10T15:37:05.053Z,6.12
2019-11-10T15:36:02.193Z,9.72
2019-11-10T15:34:57.866Z,3.96
2019-11-10T15:33:55.171Z,7.56
2019-11-10T15:32:51.366Z,3.96
2019-11-10T15:30:46.179Z,5.4
2019-11-10T15:28:40.911Z,9
2019-11-10T15:27:38.824Z,4.68
2019-11-10T15:26:34.989Z,15.48
2019-11-10T15:25:30.605Z,11.16
2019-11-10T15:18:42.460Z,6.84
2019-11-10T15:17:41.183Z,9
2019-11-10T15:16:34.951Z,15.48
2019-11-10T15:15:31.891Z,0
2019-11-10T15:14:31.848Z,7.56
2019-11-10T15:13:26.710Z,11.16
2019-11-10T15:12:22.856Z,15.48
2019-11-10T15:10:16.874Z,10.44
2019-11-10T15:09:14.014Z,6.84
2019-11-10T15:08:13.042Z,9.72
2019-11-10T15:07:09.807Z,9
2019-11-10T15:06:05.571Z,9.72
2019-11-10T15:05:03.312Z,9.72
2019-11-10T15:03:59.521Z,18.36
2019-11-10T15:02:55.831Z,17.64
2019-11-10T15:01:52.233Z,28.44
2019-11-10T15:00:50.566Z,9.72
2019-11-10T14:56:38.244Z,11.88
2019-11-10T14:55:34.193Z,15.48
2019-11-10T14:54:31.275Z,19.08
2019-11-10T14:53:27.785Z,27.72
2019-11-10T14:52:24.353Z,4.68
2019-11-10T14:51:21.232Z,0
2019-11-10T14:50:18.270Z,14.04
2019-11-10T14:49:16.283Z,19.8
2019-11-10T14:48:14.716Z,11.16
2019-11-10T14:46:10.416Z,11.88
2019-11-10T14:45:04.449Z,5.4
2019-11-10T14:44:00.536Z,5.4
2019-11-10T14:42:56.343Z,9.72
2019-11-10T14:41:53.102Z,0
2019-11-10T14:40:49.776Z,5.4
2019-11-10T14:39:49.868Z,0
2019-11-10T14:38:45.582Z,4.68
2019-11-10T14:37:43.421Z,4.68
2019-11-10T14:36:37.879Z,2.52
2019-11-10T14:35:36.748Z,10.44
2019-11-10T14:34:33.279Z,35.28
2019-11-10T14:33:28.888Z,0
2019-11-10T14:32:27.645Z,9.72
2019-11-10T14:31:22.625Z,29.16
2019-11-10T14:30:18.763Z,24.84
2019-11-10T14:29:16.781Z,24.84
2019-11-10T14:27:13.699Z,23.04
2019-11-10T14:26:09.295Z,12.6
2019-11-10T14:25:04.634Z,7.56
2019-11-10T14:24:01.661Z,16.92
2019-11-10T14:22:57.680Z,14.76
2019-11-10T14:21:53.778Z,11.88
2019-11-10T14:20:51.877Z,17.64
2019-11-10T14:19:47.982Z,19.08
2019-11-10T14:18:45.216Z,19.8
2019-11-10T14:17:45.755Z,19.08
2019-11-10T14:16:39.885Z,12.6
2019-11-10T14:15:39.237Z,13.32
2019-11-10T14:14:36.660Z,11.88
2019-11-10T14:13:32.121Z,16.2
2019-11-10T14:12:28.264Z,16.2
2019-11-10T14:11:24.627Z,13.32
2019-11-10T14:10:21.221Z,17.64
2019-11-10T14:06:11.257Z,12.6
2019-11-10T14:05:07.866Z,20.52
2019-11-10T14:04:03.916Z,14.04
2019-11-10T14:03:01.223Z,14.76
2019-11-10T14:01:57.470Z,10.44
2019-11-10T14:00:53.349Z,19.8
2019-11-10T13:59:50.601Z,15.48
2019-11-10T13:58:47.474Z,27
2019-11-10T13:56:41.691Z,24.12
2019-11-10T13:55:41.381Z,18.36
2019-11-10T13:54:35.337Z,7.56
2019-11-10T13:53:32.931Z,11.88
2019-11-10T13:52:29.999Z,19.08
2019-11-10T13:51:27.348Z,11.16
2019-11-10T13:49:20.692Z,12.6
2019-11-10T13:48:23.427Z,14.76
2019-11-10T13:46:13.333Z,27
2019-11-10T13:43:04.213Z,3.24
2019-11-10T13:41:59.845Z,23.76
2019-11-10T13:40:57.141Z,9
2019-11-10T13:39:53.090Z,7.56
2019-11-10T13:38:50.764Z,6.12
2019-11-10T13:37:47.287Z,32.04
2019-11-10T13:35:44.278Z,5.4
2019-11-10T13:34:40.974Z,33.48
2019-11-10T13:33:37.752Z,29.16
2019-11-10T13:32:33.842Z,29.88
2019-11-10T13:31:28.503Z,12.6
2019-11-10T13:30:25.315Z,14.04
2019-11-10T13:29:23.624Z,14.04
2019-11-10T13:28:19.344Z,6.84
2019-11-10T13:27:16.693Z,11.88
2019-11-10T13:23:07.357Z,16.92
2019-11-10T13:22:02.736Z,17.64
2019-11-10T13:20:58.704Z,13.32
2019-11-10T13:18:53.255Z,12.6
2019-11-10T13:17:48.742Z,12.6
2019-11-10T13:16:48.111Z,6.84
2019-11-10T13:14:46.256Z,23.04
2019-11-10T13:13:41.410Z,12.6
2019-11-10T13:11:31.702Z,2.52
2019-11-10T13:05:46.298Z,4.68
2019-11-10T13:04:42.656Z,16.2
2019-11-10T13:03:42.109Z,26.28
2019-11-10T13:02:36.164Z,18.36
2019-11-10T13:01:33.748Z,27.72
2019-11-10T13:00:30.984Z,9
2019-11-10T12:59:28.833Z,3.24
2019-11-10T12:57:21.146Z,19.08
2019-11-10T12:56:17.681Z,2.52
2019-11-10T12:52:05.960Z,7.56
2019-11-10T12:51:01.871Z,9
2019-11-10T12:49:58.948Z,0
2019-11-10T12:48:55.957Z,16.2
2019-11-10T12:46:50.196Z,14.04
2019-11-10T12:45:44.655Z,16.92
2019-11-10T12:44:41.993Z,11.88
2019-11-10T12:43:44.268Z,16.2
2019-11-10T12:41:32.635Z,25.56
2019-11-10T12:40:28.982Z,9
2019-11-10T12:39:26.075Z,33.48
2019-11-10T12:37:19.383Z,19.08
2019-11-10T12:36:36.567Z,19.08
2019-11-10T12:34:42.734Z,14.76
2019-11-10T12:33:40.354Z,23.04
2019-11-10T12:31:33.529Z,6.84
2019-11-10T12:30:29.350Z,10.44
2019-11-10T12:28:45.504Z,32.76
2019-11-10T12:27:53.328Z,16.92
2019-11-10T12:26:49.124Z,6.12
2019-11-10T12:26:08.068Z,16.92
2019-11-10T12:25:14.473Z,8.28
2019-11-10T12:23:12.254Z,9.72
2019-11-10T12:22:25.529Z,2.52
2019-11-10T12:19:28.134Z,10.44
2019-11-10T12:17:52.965Z,0
2019-11-10T12:16:51.069Z,0
2019-11-10T12:16:08.075Z,15.48
2019-11-10T12:12:07.833Z,14.76
2019-11-10T12:11:02.413Z,11.16
2019-11-10T12:10:20.309Z,0
2019-11-10T12:09:28.610Z,8.28
2019-11-10T12:08:24.988Z,0
2019-11-10T12:07:21.945Z,16.2
2019-11-10T12:05:17.372Z,10.44
2019-11-10T12:03:10.064Z,0
2019-11-10T12:01:06.832Z,0
2019-11-10T12:00:00.952Z,10.44
2019-11-10T11:58:57.958Z,5.4
2019-11-10T11:58:15.969Z,5.4
2019-11-10T11:57:23.741Z,0
2019-11-10T11:56:42.034Z,6.84
2019-11-10T11:54:46.117Z,2.52
2019-11-10T11:53:11.707Z,3.96
2019-11-10T11:52:08.819Z,11.16
2019-11-10T11:51:06.034Z,14.04
2019-11-10T11:50:02.740Z,11.16
2019-11-10T11:48:59.729Z,21.24
2019-11-10T11:46:57.904Z,23.04
2019-11-10T11:46:11.511Z,3.24
2019-11-10T11:41:38.599Z,5.4
2019-11-10T11:39:51.022Z,11.88
2019-11-10T11:39:02.003Z,11.88
2019-11-10T11:37:57.304Z,11.88
2019-11-10T11:36:53.712Z,0
2019-11-10T11:36:14.006Z,18.36
2019-11-10T11:33:13.856Z,9
2019-11-10T11:32:16.402Z,20.52
2019-11-10T11:31:13.121Z,14.76
2019-11-10T11:30:08.200Z,0
2019-11-10T11:29:04.080Z,7.56
2019-11-10T11:27:59.624Z,9.72
2019-11-10T11:24:49.361Z,12.6
2019-11-10T11:22:47.529Z,0
2019-11-10T11:20:37.951Z,11.16
2019-11-10T11:19:36.783Z,8.28
2019-11-10T11:18:31.823Z,0
2019-11-10T11:16:25.291Z,6.84
2019-11-10T11:13:15.853Z,15.48
2019-11-10T11:11:10.336Z,0
2019-11-10T11:10:07.610Z,16.92
2019-11-10T11:09:05.134Z,10.44
2019-11-10T11:08:01.080Z,11.88
2019-11-10T11:05:22.907Z,10.44
2019-11-10T11:04:20.011Z,0
2019-11-10T11:03:16.902Z,11.16
2019-11-10T11:02:13.806Z,11.88
2019-11-10T11:01:12.195Z,13.32
2019-11-10T11:00:09.760Z,17.64
2019-11-10T10:59:05.557Z,6.12
2019-11-10T10:58:03.035Z,15.48
2019-11-10T10:57:00.385Z,16.92
2019-11-10T10:55:56.435Z,15.48
2019-11-10T10:53:49.857Z,8.28
2019-11-10T10:52:48.964Z,11.16
2019-11-10T10:51:43.813Z,0
2019-11-10T10:50:41.148Z,3.24
2019-11-10T10:49:38.809Z,0
2019-11-10T10:48:34.828Z,13.32
2019-11-10T10:47:32.270Z,17.64
2019-11-10T10:44:23.161Z,8.28
2019-11-10T10:42:15.943Z,16.2
2019-11-10T10:41:13.314Z,19.08
2019-11-10T10:40:12.326Z,0
2019-11-10T10:38:06.485Z,16.2
2019-11-10T10:37:02.486Z,13.32
2019-11-10T10:35:58.843Z,8.28
2019-11-10T10:34:54.899Z,0
2019-11-10T10:33:51.879Z,6.84
2019-11-10T10:32:48.908Z,11.88
2019-11-10T10:31:46.647Z,10.44
2019-11-10T10:26:00.585Z,3.96
2019-11-10T10:24:56.594Z,14.76
2019-11-10T10:22:50.885Z,0
2019-11-10T10:21:46.753Z,0
2019-11-10T10:19:42.774Z,6.84
2019-11-10T10:18:37.717Z,0
2019-11-10T10:17:36.607Z,9
2019-11-10T10:15:30.268Z,6.12
2019-11-10T10:14:26.778Z,5.4
2019-11-10T10:13:23.421Z,0
2019-11-10T10:12:19.930Z,0
2019-11-10T10:11:16.782Z,0
2019-11-10T10:09:10.889Z,4.68
2019-11-10T10:08:09.180Z,15.48
2019-11-10T10:07:06.985Z,3.96
2019-11-10T10:06:02.928Z,4.68
2019-11-10T10:05:00.157Z,0
2019-11-10T10:03:56.155Z,11.16
2019-11-10T10:01:50.073Z,10.44
2019-11-10T10:00:46.911Z,8.28
2019-11-10T09:53:57.935Z,3.24
2019-11-10T09:52:54.521Z,14.04
2019-11-10T09:51:50.937Z,14.04
2019-11-10T09:50:48.661Z,6.84
2019-11-10T09:48:42.999Z,8.28
2019-11-10T09:47:40.717Z,18.36
2019-11-10T09:46:36.076Z,6.12
2019-11-10T09:45:34.547Z,5.4
2019-11-10T09:44:31.678Z,5.4
2019-11-10T09:43:28.473Z,14.76
2019-11-10T09:42:24.975Z,6.12
2019-11-10T09:41:21.894Z,9.72
2019-11-10T09:39:15.566Z,14.04
2019-11-10T09:38:15.550Z,6.84
2019-11-10T09:36:08.896Z,3.24
2019-11-10T09:35:05.741Z,10.44
2019-11-10T09:32:57.964Z,3.24
2019-11-10T09:31:54.146Z,0
2019-11-10T09:30:52.087Z,3.96
2019-11-10T09:29:52.461Z,8.28
2019-11-10T09:27:46.293Z,0
2019-11-10T09:26:39.097Z,0
2019-11-10T09:25:37.085Z,0
2019-11-10T09:24:38.378Z,0
2019-11-10T09:23:31.533Z,0
2019-11-10T09:21:55.676Z,8.28
2019-11-10T09:18:46.359Z,6.12
2019-11-10T09:17:43.796Z,3.96
2019-11-10T09:16:41.160Z,6.12
2019-11-10T09:15:39.580Z,0
