phenomenonTime,result.response.value
2019-05-27T10:54:34.000Z,[map[endTime:2019-05-27T10:54:49Z startTime:2019-05-27T10:54:34Z values:[47.69 48.34 48.9 48.72 48.41 51.52 48.7 48.48 48.62 49.45 49.35 49.44 48.88 49.34 50.39]]]
2019-05-27T10:54:18.000Z,[map[endTime:2019-05-27T10:54:34Z startTime:2019-05-27T10:54:18Z values:[47.87 47.71 47.87 48.05 47.51 47.57 49.1 48.9 51.31 48.27 47.97 47.48 48.22 47.41 48.07 48.94]]]
2019-05-27T10:54:02.000Z,[map[endTime:2019-05-27T10:54:18Z startTime:2019-05-27T10:54:02Z values:[47.45 47.68 47.66 47.82 47.28 47.68 49.52 48.96 48.2 48.21 48.14 50.19 47.22 48.11 48.37 47.91]]]
2019-05-27T10:53:47.000Z,[map[endTime:2019-05-27T10:54:02Z startTime:2019-05-27T10:53:47Z values:[53.28 50.02 48.97 49.04 50.86 49.27 51.02 50.36 50.44 48.55 48.8 49.21 48.66 47.94 47.64]]]
2019-05-27T10:53:31.000Z,[map[endTime:2019-05-27T10:53:46Z startTime:2019-05-27T10:53:31Z values:[47.18 47.31 47.3 47.93 47.59 51.77 47.76 47.52 47.18 47.64 47.88 49.56 52.83 52.36 52.41]]]
2019-05-27T10:53:15.000Z,[map[endTime:2019-05-27T10:53:30Z startTime:2019-05-27T10:53:15Z values:[47.39 47.41 46.96 47.17 47.38 47.33 51.3 47.4 47.23 52.43 47.48 47.21 47.21 47.23 47.4]]]
2019-05-27T10:52:59.000Z,[map[endTime:2019-05-27T10:53:15Z startTime:2019-05-27T10:52:59Z values:[47.62 47.48 47.47 47.91 50.95 48.64 47.85 47.97 49.6 50.13 49.05 50.7 49.58 47.76 47.61 47.28]]]
2019-05-27T10:52:43.000Z,[map[endTime:2019-05-27T10:52:59Z startTime:2019-05-27T10:52:43Z values:[48.08 47.97 48.04 48.2 48.77 48.02 49.33 49.38 48.01 49.48 48.81 48.95 49.55 48.52 48.08 47.46]]]
2019-05-27T10:52:28.000Z,[map[endTime:2019-05-27T10:52:43Z startTime:2019-05-27T10:52:28Z values:[47.89 49.53 49.51 48.12 47.9 47.69 47.57 47.41 47.28 49.17 48.1 47.16 47.29 47.1 47.69]]]
2019-05-27T10:52:12.000Z,[map[endTime:2019-05-27T10:52:27Z startTime:2019-05-27T10:52:12Z values:[48.47 47.41 47.57 47.56 47.47 47.03 47.54 48.54 47.78 47.87 47.95 47.99 47.87 47.84 47.87]]]
2019-05-27T10:51:56.000Z,[map[endTime:2019-05-27T10:52:12Z startTime:2019-05-27T10:51:56Z values:[48.74 47.75 48.18 47.5 48.42 48.73 48.74 48.09 47.31 47.51 47.49 48.79 48.71 48.26 46.89 47.03]]]
2019-05-27T10:51:40.000Z,[map[endTime:2019-05-27T10:51:56Z startTime:2019-05-27T10:51:40Z values:[53.52 52.81 50.6 49.28 50.41 50.03 52.21 52.38 49.04 48.65 48.96 49.02 49.51 48.97 48.06 48.53]]]
2019-05-27T10:51:25.000Z,[map[endTime:2019-05-27T10:51:40Z startTime:2019-05-27T10:51:25Z values:[48.07 51.38 48.79 48.7 52.64 49.44 49.5 51.96 51.36 50.93 51.9 51.47 51.92 51.17 50.99]]]
2019-05-27T10:51:09.000Z,[map[endTime:2019-05-27T10:51:25Z startTime:2019-05-27T10:51:09Z values:[49.02 49.38 49.08 48.49 47.98 46.95 47.13 52.24 48.17 47.74 46.95 47.47 47.81 47.38 48.32 47.62]]]
2019-05-27T10:50:53.000Z,[map[endTime:2019-05-27T10:51:09Z startTime:2019-05-27T10:50:53Z values:[47.8 47.57 47.63 47.74 48.17 50.72 53.07 51.73 52.63 52.2 51.15 49.65 49.04 48.34 48.67 49.64]]]
2019-05-27T10:50:37.000Z,[map[endTime:2019-05-27T10:50:53Z startTime:2019-05-27T10:50:37Z values:[47.92 47.79 47.66 48.44 48.89 49.45 48.9 48.37 47.94 47.24 47.46 47.36 47.55 51.85 52.32 47.23]]]
2019-05-27T10:50:22.000Z,[map[endTime:2019-05-27T10:50:37Z startTime:2019-05-27T10:50:22Z values:[47.19 46.72 46.94 46.8 47.08 47.19 46.78 46.97 46.82 47.26 47.36 47.25 48.13 47.49 47.41]]]
2019-05-27T10:50:06.000Z,[map[endTime:2019-05-27T10:50:22Z startTime:2019-05-27T10:50:06Z values:[47.31 47.17 47.34 47.44 47.23 47.36 46.95 46.99 46.74 46.76 47.07 46.93 46.82 46.76 47.8 47.69]]]
2019-05-27T10:49:50.000Z,[map[endTime:2019-05-27T10:50:06Z startTime:2019-05-27T10:49:50Z values:[47.71 47.76 47.09 47.57 48.12 46.98 46.91 47.15 46.94 47.24 47.82 47.67 47.65 46.93 47.15 47.11]]]
2019-05-27T10:49:34.000Z,[map[endTime:2019-05-27T10:49:50Z startTime:2019-05-27T10:49:34Z values:[48.53 47.98 48.27 49.03 48.97 50.05 50 49.77 50.38 48.41 47.44 48.49 48.66 48.7 49.57 49.09]]]
2019-05-27T10:49:19.000Z,[map[endTime:2019-05-27T10:49:34Z startTime:2019-05-27T10:49:19Z values:[48.6 47.66 47.55 47.57 47.62 48.22 47.25 47.68 49.19 49.61 51.16 51.24 51.12 50 49.31]]]
2019-05-27T10:49:03.000Z,[map[endTime:2019-05-27T10:49:19Z startTime:2019-05-27T10:49:03Z values:[47.46 47.34 47.4 47.16 47.72 47.5 47.43 47.09 46.78 47.18 47.39 47.57 48.12 48.2 48.01 47.94]]]
2019-05-27T10:48:47.000Z,[map[endTime:2019-05-27T10:49:03Z startTime:2019-05-27T10:48:47Z values:[48.49 48.55 48.11 48.39 48.42 48.61 48.42 48.82 49.75 49.05 48.81 48.23 48.08 47.67 47.87 47.1]]]
2019-05-27T10:48:31.000Z,[map[endTime:2019-05-27T10:48:47Z startTime:2019-05-27T10:48:31Z values:[46.91 47.01 47.05 47.72 47.65 47.41 47.52 47.24 47.62 47.4 47.55 48.56 50.38 51.24 50.13 52.55]]]
2019-05-27T10:48:15.000Z,[map[endTime:2019-05-27T10:48:31Z startTime:2019-05-27T10:48:15Z values:[47.51 47.34 47.74 47.69 47.73 47.08 46.87 46.95 52.03 49.28 49.27 46.88 46.68 46.8 46.86 47.13]]]
2019-05-27T10:47:59.000Z,[map[endTime:2019-05-27T10:48:15Z startTime:2019-05-27T10:47:59Z values:[48.62 47.39 47.57 47.39 47.55 47.28 47.54 47.5 47.27 47.32 47.44 47.63 47.35 47.11 47.11 47.11]]]
2019-05-27T10:47:44.000Z,[map[endTime:2019-05-27T10:47:59Z startTime:2019-05-27T10:47:44Z values:[50 48.53 48.02 48.19 47.93 48.42 48.49 48.48 48.66 49.27 49.15 49.31 49.17 48.94 48.65]]]
2019-05-27T10:47:28.000Z,[map[endTime:2019-05-27T10:47:44Z startTime:2019-05-27T10:47:28Z values:[52.55 52.37 51.31 49.2 48.4 48.31 47.51 47.98 48.22 48.49 49.1 50.62 51.1 52.85 53.18 52.6]]]
2019-05-27T10:47:12.000Z,[map[endTime:2019-05-27T10:47:28Z startTime:2019-05-27T10:47:12Z values:[48.2 48.07 47.85 50.56 48.23 48.19 47.99 48.81 47.72 48.48 47.79 48.77 48.71 49.89 51.27 52.72]]]
2019-05-27T10:46:56.000Z,[map[endTime:2019-05-27T10:47:12Z startTime:2019-05-27T10:46:56Z values:[47.75 48.22 47.94 47.65 47.86 48.03 47.65 47.91 49.99 47.87 46.92 47.26 47.3 46.9 47.47 47.61]]]
2019-05-27T10:46:41.000Z,[map[endTime:2019-05-27T10:46:56Z startTime:2019-05-27T10:46:41Z values:[48.57 47.41 47.15 47.84 47.25 47.23 47.34 47.22 47.51 47.18 47.31 47.39 47.26 47.43 47.26]]]
2019-05-27T10:46:25.000Z,[map[endTime:2019-05-27T10:46:41Z startTime:2019-05-27T10:46:25Z values:[48.91 48.14 47.38 47.85 47.63 47.82 49.15 47.47 47.4 47.65 47.44 47.26 47.49 52.98 48.61 52.28]]]
2019-05-27T10:46:09.000Z,[map[endTime:2019-05-27T10:46:25Z startTime:2019-05-27T10:46:09Z values:[52.44 48.05 47.16 47.92 48.35 47.97 48.08 48.67 48.73 52.54 49.51 49.08 53.11 47.58 48 47.67]]]
2019-05-27T10:45:53.000Z,[map[endTime:2019-05-27T10:46:09Z startTime:2019-05-27T10:45:53Z values:[47.32 47.41 47.48 47.54 47.59 48.29 49.74 51.24 53.99 50.99 51.96 53.07 54.93 49.7 47.92 47.31]]]
2019-05-27T10:45:37.000Z,[map[endTime:2019-05-27T10:45:53Z startTime:2019-05-27T10:45:37Z values:[47.83 48.46 47.53 47.91 47.41 47.5 47.27 46.97 47.16 47.11 47.62 47.02 47.73 51.78 48.18 47.61]]]
2019-05-27T10:45:22.000Z,[map[endTime:2019-05-27T10:45:37Z startTime:2019-05-27T10:45:22Z values:[49.13 50.45 51.41 49.74 48.96 48.76 48.57 48.17 48.58 48.27 48.08 47.71 47.43 48.33 48.05]]]
2019-05-27T10:45:06.000Z,[map[endTime:2019-05-27T10:45:22Z startTime:2019-05-27T10:45:06Z values:[48.34 47.62 47.96 48.32 48.99 47.91 48.56 49.53 51.67 48.9 48.01 48.34 48.38 48.31 48.35 48.75]]]
2019-05-27T10:44:50.000Z,[map[endTime:2019-05-27T10:45:06Z startTime:2019-05-27T10:44:50Z values:[49.96 49.79 49.87 49.39 50.74 49.21 48.71 48.98 48.76 48.99 48.6 48.25 47.96 48.04 47.83 48.91]]]
2019-05-27T10:44:35.000Z,[map[endTime:2019-05-27T10:44:50Z startTime:2019-05-27T10:44:35Z values:[55.12 52.22 49.88 49.59 49.14 49.56 49.12 48.61 49.34 49.3 48.55 49.72 50.07 49.47 49.42]]]
2019-05-27T10:44:19.000Z,[map[endTime:2019-05-27T10:44:35Z startTime:2019-05-27T10:44:19Z values:[48.33 48.22 48.09 50.27 48.29 48.13 48.44 48.53 48.41 49.58 48.8 49.61 48.59 49.97 50.51 51.7]]]
2019-05-27T10:44:03.000Z,[map[endTime:2019-05-27T10:44:19Z startTime:2019-05-27T10:44:03Z values:[51.39 48.51 47.73 47.79 48.43 49.59 49.29 48.36 48.47 47.81 47.97 47.78 48.3 48.15 47.94 54.45]]]
2019-05-27T10:43:47.000Z,[map[endTime:2019-05-27T10:44:03Z startTime:2019-05-27T10:43:47Z values:[47.66 48.1 48.69 47.88 47.84 47.52 48.04 48.1 47.81 48.77 47.91 47.64 47.36 47.62 48.28 50.82]]]
2019-05-27T10:43:32.000Z,[map[endTime:2019-05-27T10:43:47Z startTime:2019-05-27T10:43:32Z values:[48.08 48.31 48.06 48.73 49.1 48.9 48.73 49.68 50.73 50.89 54.13 51.02 50.42 49.13 47.68]]]
2019-05-27T10:43:16.000Z,[map[endTime:2019-05-27T10:43:31Z startTime:2019-05-27T10:43:16Z values:[50.44 50.3 50.97 51.03 50.98 51.02 49.86 49 48.72 48.59 48.45 49.55 49.21 49 49.02]]]
2019-05-27T10:43:00.000Z,[map[endTime:2019-05-27T10:43:16Z startTime:2019-05-27T10:43:00Z values:[57.13 53.36 53.8 50.86 49.57 49.85 50.18 52.12 50.41 50.74 50.98 50.79 50.6 50.08 49.48 49.53]]]
2019-05-27T10:42:44.000Z,[map[endTime:2019-05-27T10:43:00Z startTime:2019-05-27T10:42:44Z values:[48.35 48.74 49.01 51.69 53.18 56.84 53.96 54.22 51.84 49.99 50.55 50.63 52.81 54.3 63.6 55.33]]]
2019-05-27T10:42:29.000Z,[map[endTime:2019-05-27T10:42:44Z startTime:2019-05-27T10:42:29Z values:[49.51 47.67 47.3 47.2 48.03 47.74 47.44 49.47 47.19 47.84 48.29 48 47.59 47.56 47.51]]]
2019-05-27T10:42:13.000Z,[map[endTime:2019-05-27T10:42:28Z startTime:2019-05-27T10:42:13Z values:[47.79 48.14 48.2 48.1 47.9 48.35 49.05 48.69 48.4 49.24 48.83 49.39 49.3 48.86 48.28]]]
2019-05-27T10:41:57.000Z,[map[endTime:2019-05-27T10:42:13Z startTime:2019-05-27T10:41:57Z values:[47.15 47.26 47.92 55.44 49.1 47.24 47.27 47.34 47.62 47.71 47.43 52.49 47.71 48.09 47.94 47.62]]]
2019-05-27T10:41:41.000Z,[map[endTime:2019-05-27T10:41:57Z startTime:2019-05-27T10:41:41Z values:[48.81 47.92 48.46 48.1 62.38 50.34 48.04 49.35 47.06 47.18 47.12 47.57 47.36 47.46 47.09 47.63]]]
2019-05-27T10:41:25.000Z,[map[endTime:2019-05-27T10:41:41Z startTime:2019-05-27T10:41:25Z values:[54.66 54.43 53.36 51.76 48.81 48.34 47.84 48.01 50.27 50.39 49.95 48.71 49.14 48.9 48.56 48.01]]]
2019-05-27T10:41:10.000Z,[map[endTime:2019-05-27T10:41:25Z startTime:2019-05-27T10:41:10Z values:[48.19 47.2 47.67 47.98 47.96 49.02 47.85 47.85 47.62 47.69 47.93 47.95 50.83 53.62 52.49]]]
2019-05-27T10:40:54.000Z,[map[endTime:2019-05-27T10:41:10Z startTime:2019-05-27T10:40:54Z values:[47.27 50.47 48.4 47.79 50.79 53.38 48.36 48.19 47.96 47.76 49.1 49.57 49.2 48.22 48.95 48.14]]]
2019-05-27T10:40:38.000Z,[map[endTime:2019-05-27T10:40:54Z startTime:2019-05-27T10:40:38Z values:[47.39 47.33 47.17 47.23 47.94 49.63 48.17 47.49 50.79 52.1 48.66 48.46 48.1 49.11 48.97 48.94]]]
2019-05-27T10:40:22.000Z,[map[endTime:2019-05-27T10:40:38Z startTime:2019-05-27T10:40:22Z values:[47.87 53.75 47.76 53.73 48.7 47.81 47.88 47.89 47.6 48.67 47.66 53.6 54.24 48.19 47.99 47.73]]]
2019-05-27T10:40:07.000Z,[map[endTime:2019-05-27T10:40:22Z startTime:2019-05-27T10:40:07Z values:[49.66 50.92 50.77 52.65 51.13 49.55 48.93 47.83 47.93 48.13 47.99 48.3 48.95 48.55 47.83]]]
2019-05-27T10:39:51.000Z,[map[endTime:2019-05-27T10:40:07Z startTime:2019-05-27T10:39:51Z values:[48.1 47.64 47.49 47.92 48.18 48.18 48.13 48.96 51.69 48.51 48.88 49.12 48.85 49.26 49.82 49.87]]]
2019-05-27T10:39:35.000Z,[map[endTime:2019-05-27T10:39:51Z startTime:2019-05-27T10:39:35Z values:[55.78 70.71 50.09 50.36 49.54 50.63 50.77 51.34 53.71 49.79 51.26 49.58 50.91 49.98 48.27 48.08]]]
2019-05-27T10:39:20.000Z,[map[endTime:2019-05-27T10:39:35Z startTime:2019-05-27T10:39:20Z values:[55.3 55.4 53.8 52.08 50.41 50.23 49.19 48.63 50.45 51.11 53.92 58.45 51.87 50.09 50.23]]]
2019-05-27T10:39:04.000Z,[map[endTime:2019-05-27T10:39:19Z startTime:2019-05-27T10:39:04Z values:[50.82 55.5 50.95 51.52 54.03 61.06 51.9 50.88 51.7 52.22 52.4 51.11 52.08 52.45 53.49]]]
2019-05-27T10:38:48.000Z,[map[endTime:2019-05-27T10:39:04Z startTime:2019-05-27T10:38:48Z values:[52.27 53.4 48.72 51.66 49 50.42 48.71 48.43 48.68 49.02 54.67 47.77 48.35 50.45 50.37 49.87]]]
2019-05-27T10:38:32.000Z,[map[endTime:2019-05-27T10:38:48Z startTime:2019-05-27T10:38:32Z values:[48.41 48.92 48.8 48.85 48.5 50.03 48.52 49.34 50.44 52.17 50.4 49.89 48.66 48.1 48.21 49.62]]]
2019-05-27T10:38:16.000Z,[map[endTime:2019-05-27T10:38:32Z startTime:2019-05-27T10:38:16Z values:[49.59 48.99 48.79 48.92 49.08 48.36 48.69 50.01 47.93 48.31 47.89 48.02 47.89 47.64 47.88 48.05]]]
2019-05-27T10:38:01.000Z,[map[endTime:2019-05-27T10:38:16Z startTime:2019-05-27T10:38:01Z values:[48.93 49.59 50.94 49.16 54.6 49.35 48.97 48.81 48.67 48.17 49.23 48.55 48.5 49.36 55.1]]]
2019-05-27T10:37:45.000Z,[map[endTime:2019-05-27T10:38:00Z startTime:2019-05-27T10:37:45Z values:[51.21 50.85 51.75 50.97 51.95 51.85 51.19 51.13 50.08 49.28 49.76 49.78 51.04 52.03 49.47]]]
2019-05-27T10:37:29.000Z,[map[endTime:2019-05-27T10:37:45Z startTime:2019-05-27T10:37:29Z values:[51.05 49.08 49.96 49.65 49.77 49.98 49.9 50.03 50.23 50.78 51.17 52.07 50.14 50.27 50.52 50.98]]]
2019-05-27T10:37:13.000Z,[map[endTime:2019-05-27T10:37:29Z startTime:2019-05-27T10:37:13Z values:[48.65 48 48.45 48.92 48.84 49.68 54.44 48.48 48.41 48.63 55.21 48.78 48.52 48.03 48.51 50.93]]]
2019-05-27T10:36:58.000Z,[map[endTime:2019-05-27T10:37:13Z startTime:2019-05-27T10:36:58Z values:[50.38 51.87 52.7 54.71 56.64 54.93 52.38 52.44 52.89 52.35 52.39 52.23 50.76 49.96 48.87]]]
2019-05-27T10:36:42.000Z,[map[endTime:2019-05-27T10:36:58Z startTime:2019-05-27T10:36:42Z values:[48.9 49.44 47.93 47.71 47.64 47.74 48.7 47.76 47.85 48.63 47.88 48.1 49.17 48.65 48.51 48.78]]]
2019-05-27T10:36:26.000Z,[map[endTime:2019-05-27T10:36:42Z startTime:2019-05-27T10:36:26Z values:[52.03 54.73 48.9 50.04 48.08 56.41 49.12 48.6 48.76 48.41 48.84 49.83 49.23 48.81 50.85 49]]]
2019-05-27T10:36:10.000Z,[map[endTime:2019-05-27T10:36:26Z startTime:2019-05-27T10:36:10Z values:[47.72 49.06 47.68 48.58 47.12 47.31 47.31 47.1 48.02 47.02 47.58 47.99 47.98 49.08 49.36 50.84]]]
2019-05-27T10:35:54.000Z,[map[endTime:2019-05-27T10:36:10Z startTime:2019-05-27T10:35:54Z values:[48.94 48.51 48.76 48.21 47.99 47.49 47.64 47.57 47.64 47.76 47.41 47.54 47.66 47.76 47.29 47.34]]]
2019-05-27T10:35:39.000Z,[map[endTime:2019-05-27T10:35:54Z startTime:2019-05-27T10:35:39Z values:[47.9 48.38 49 48.65 48.3 48.64 49.16 49.82 49.46 49.36 49.67 49.71 49.49 49.78 49.59]]]
2019-05-27T10:35:23.000Z,[map[endTime:2019-05-27T10:35:39Z startTime:2019-05-27T10:35:23Z values:[53.93 52.05 49.17 48.05 47.67 49.25 50.27 48.59 48.63 48.4 48.69 48.16 48.29 48.04 49.7 47.97]]]
2019-05-27T10:35:07.000Z,[map[endTime:2019-05-27T10:35:23Z startTime:2019-05-27T10:35:07Z values:[48.47 47.87 47.26 47.37 47.47 47.53 48.78 48.52 47.67 47.77 47.57 47.55 48.39 49.96 52.06 53.76]]]
2019-05-27T10:34:51.000Z,[map[endTime:2019-05-27T10:35:07Z startTime:2019-05-27T10:34:51Z values:[48.41 48.52 48.5 48.11 48.73 47.51 48.58 47.56 47.76 47.51 47.77 47.87 48.09 48.02 48.04 47.82]]]
2019-05-27T10:34:36.000Z,[map[endTime:2019-05-27T10:34:51Z startTime:2019-05-27T10:34:36Z values:[50.35 50.49 51.95 51.26 55.26 49.3 49.07 50.79 50.38 48.85 48.79 47.78 47.91 48.15 48.93]]]
2019-05-27T10:34:20.000Z,[map[endTime:2019-05-27T10:34:36Z startTime:2019-05-27T10:34:20Z values:[53.9 54.45 52.43 51.18 49.37 49.85 49.37 49.59 51.22 51.67 50.84 50.9 50.64 51.97 51.64 50.57]]]
2019-05-27T10:34:04.000Z,[map[endTime:2019-05-27T10:34:20Z startTime:2019-05-27T10:34:04Z values:[50.45 48.36 50.78 47.68 48.89 49.2 49.17 49.73 49.72 50.81 52.4 49.92 51.74 54.14 54.34 54.06]]]
2019-05-27T10:33:48.000Z,[map[endTime:2019-05-27T10:34:04Z startTime:2019-05-27T10:33:48Z values:[47.57 47.61 47.2 47.44 47.71 47.85 47.89 48.57 49.11 48.63 49.1 51.87 53.72 54.56 54.48 53.43]]]
2019-05-27T10:33:33.000Z,[map[endTime:2019-05-27T10:33:48Z startTime:2019-05-27T10:33:33Z values:[48.05 47.81 47.83 48.69 48.65 48.82 48.48 48.17 48.71 51.32 48.01 48.18 47.8 48.03 47.81]]]
2019-05-27T10:33:17.000Z,[map[endTime:2019-05-27T10:33:32Z startTime:2019-05-27T10:33:17Z values:[48.15 48.62 47.95 47.74 47.85 47.42 47.42 47.16 47.37 47.89 47.38 47.25 47.62 47.85 47.73]]]
2019-05-27T10:33:01.000Z,[map[endTime:2019-05-27T10:33:17Z startTime:2019-05-27T10:33:01Z values:[47.79 47.83 48.35 49.14 53.08 57.21 56.59 57.48 55.55 53 50.06 51.06 47.82 48.26 49.54 49.53]]]
2019-05-27T10:32:45.000Z,[map[endTime:2019-05-27T10:33:01Z startTime:2019-05-27T10:32:45Z values:[49.02 49.57 49.52 48.59 48.18 48.21 47.99 47.54 47.63 47.39 48.02 47.5 47.43 47.61 47.79 47.52]]]
2019-05-27T10:32:29.000Z,[map[endTime:2019-05-27T10:32:45Z startTime:2019-05-27T10:32:29Z values:[47.16 48.38 47.2 47.4 47.62 47.3 47.24 47.22 47.23 47.68 47.8 48.94 48.32 48.14 47.55 47.86]]]
2019-05-27T10:32:14.000Z,[map[endTime:2019-05-27T10:32:29Z startTime:2019-05-27T10:32:14Z values:[47.44 47.34 47.08 47.28 47.34 47.13 47.22 47.57 48 47.77 48.3 47.73 47.64 47.4 47.5]]]
2019-05-27T10:31:58.000Z,[map[endTime:2019-05-27T10:32:14Z startTime:2019-05-27T10:31:58Z values:[47.44 49.03 47.73 47.88 47.45 46.99 47.21 47.01 47.59 47.57 47.12 47.07 50.08 49.21 47.78 47.51]]]
2019-05-27T10:31:42.000Z,[map[endTime:2019-05-27T10:31:58Z startTime:2019-05-27T10:31:42Z values:[48.94 48.5 47.77 47.48 47.82 47.16 47.33 47.39 46.87 47.21 47.19 46.87 46.75 47.95 47.52 48.11]]]
2019-05-27T10:31:26.000Z,[map[endTime:2019-05-27T10:31:42Z startTime:2019-05-27T10:31:26Z values:[47.91 48.2 48.8 50.76 51.64 51.3 49.5 48.69 48.29 48.37 48.52 49.83 48.23 47.99 49.08 49.06]]]
2019-05-27T10:31:10.000Z,[map[endTime:2019-05-27T10:31:26Z startTime:2019-05-27T10:31:10Z values:[47.24 47.56 47.08 47.28 46.93 47.03 49.21 48.08 50.81 49.69 48.15 47.92 48.66 48.11 48.25 48.83]]]
2019-05-27T10:30:55.000Z,[map[endTime:2019-05-27T10:31:10Z startTime:2019-05-27T10:30:55Z values:[49.94 55.95 55.03 54.13 52.4 50.05 48.38 47.34 47.28 47.07 46.98 47.45 47.26 47.23 47.59]]]
2019-05-27T10:30:39.000Z,[map[endTime:2019-05-27T10:30:55Z startTime:2019-05-27T10:30:39Z values:[49.39 51.1 49.79 49.76 49.26 49.28 49.36 52.18 54.7 52.65 52.64 52.36 50.91 49.74 48.64 47.88]]]
2019-05-27T10:30:23.000Z,[map[endTime:2019-05-27T10:30:39Z startTime:2019-05-27T10:30:23Z values:[48.43 48.35 48.31 48.95 50.74 49.86 49.01 48.88 50.11 51.81 49.73 49.1 48.49 48.76 48.66 48.61]]]
2019-05-27T10:30:08.000Z,[map[endTime:2019-05-27T10:30:23Z startTime:2019-05-27T10:30:08Z values:[48.73 71.79 49.3 47.35 47.11 47.29 49.92 48.35 47.33 47.45 48.12 49.8 48.74 48.34 47.85]]]
2019-05-27T10:29:52.000Z,[map[endTime:2019-05-27T10:30:08Z startTime:2019-05-27T10:29:52Z values:[48.47 48.73 48.06 48.6 48.27 47.66 48.38 47.71 47.71 48.42 47.56 57.3 59.95 48.18 54.95 50.47]]]
2019-05-27T10:29:36.000Z,[map[endTime:2019-05-27T10:29:52Z startTime:2019-05-27T10:29:36Z values:[47.67 47.86 48.17 48.09 49.54 49.13 49.87 48.59 48.78 49.3 49.26 48.64 48.81 48.91 48.91 48.22]]]
2019-05-27T10:29:20.000Z,[map[endTime:2019-05-27T10:29:36Z startTime:2019-05-27T10:29:20Z values:[47 47.17 47.08 47.32 47.52 48.4 49.63 50.5 50.6 50.87 51.15 51.6 50.47 49.36 49.13 47.57]]]
2019-05-27T10:29:05.000Z,[map[endTime:2019-05-27T10:29:20Z startTime:2019-05-27T10:29:05Z values:[47.84 47.66 46.79 46.88 47.24 47.09 46.68 47.07 47.24 47.59 48.12 49.38 47.26 47.3 46.99]]]
2019-05-27T10:28:49.000Z,[map[endTime:2019-05-27T10:29:05Z startTime:2019-05-27T10:28:49Z values:[47.17 48.24 52.54 48.15 47.47 48.28 47.53 47.4 48.56 48.39 47.09 46.92 47.28 47.13 46.83 48.21]]]
2019-05-27T10:28:33.000Z,[map[endTime:2019-05-27T10:28:49Z startTime:2019-05-27T10:28:33Z values:[48.71 47.39 48.06 50.38 49 47.92 48.55 47.86 47.42 48.67 49.35 49.54 47.69 47.68 48.3 47.22]]]
2019-05-27T10:28:17.000Z,[map[endTime:2019-05-27T10:28:33Z startTime:2019-05-27T10:28:17Z values:[48.16 48.36 47.85 47.81 47.75 47.35 47.43 47.43 47.2 47.6 47.8 47.46 47.03 47.05 47.73 48.82]]]
2019-05-27T10:28:02.000Z,[map[endTime:2019-05-27T10:28:17Z startTime:2019-05-27T10:28:02Z values:[56.63 48.02 47.4 47.62 48.56 49.26 48.45 48.32 48.21 48.03 48.13 48.58 49.18 47.93 47.84]]]
2019-05-27T10:27:46.000Z,[map[endTime:2019-05-27T10:28:02Z startTime:2019-05-27T10:27:46Z values:[47.24 47.48 47.09 47.19 46.85 47.43 48.38 49.18 50.39 52.07 53.02 51.33 51.03 50.15 49.43 48.01]]]
2019-05-27T10:27:30.000Z,[map[endTime:2019-05-27T10:27:46Z startTime:2019-05-27T10:27:30Z values:[48.25 47.92 47.86 47.82 49.5 48.57 49.27 49.26 48.9 47.88 47.79 48.43 47.93 47.7 47.97 47.61]]]
2019-05-27T10:27:14.000Z,[map[endTime:2019-05-27T10:27:30Z startTime:2019-05-27T10:27:14Z values:[48.7 49.13 49.03 48.63 49.58 49.74 48.89 48.64 48.62 48.43 48.02 47.71 48.33 48.47 48.09 48.57]]]
2019-05-27T10:26:58.000Z,[map[endTime:2019-05-27T10:27:14Z startTime:2019-05-27T10:26:58Z values:[49.41 49.8 51.36 51.59 52.45 53.62 52.25 52.92 52.68 50.75 50.51 49.81 49.97 48.72 48.35 48.59]]]
2019-05-27T10:26:43.000Z,[map[endTime:2019-05-27T10:26:58Z startTime:2019-05-27T10:26:43Z values:[52.1 51.73 50.94 50.66 48.94 54.95 57.53 49.13 49.61 50.13 51.44 49.47 48.5 48.67 49.1]]]
2019-05-27T10:26:27.000Z,[map[endTime:2019-05-27T10:26:43Z startTime:2019-05-27T10:26:27Z values:[47.53 47.97 48.78 49.46 51.09 50.52 49.6 51.17 50.78 48.77 49.07 49.2 51.1 52.07 52.05 51.49]]]
2019-05-27T10:26:11.000Z,[map[endTime:2019-05-27T10:26:27Z startTime:2019-05-27T10:26:11Z values:[48.94 47.52 47.28 47.22 46.76 47.16 47.43 47.59 47.41 47.64 47.54 47.52 47.63 47.45 47.69 47.63]]]
2019-05-27T10:25:55.000Z,[map[endTime:2019-05-27T10:26:11Z startTime:2019-05-27T10:25:55Z values:[49.86 50.74 48.48 48.08 49.09 48.89 48.73 49.69 48.47 47.29 46.97 48.43 47.92 47.76 47.92 48.13]]]
2019-05-27T10:25:40.000Z,[map[endTime:2019-05-27T10:25:55Z startTime:2019-05-27T10:25:40Z values:[48.91 49.28 49.46 47.99 48.48 48.55 49 48.75 48.49 48.1 48.14 47.92 48.73 48.77 47.83]]]
2019-05-27T10:25:24.000Z,[map[endTime:2019-05-27T10:25:39Z startTime:2019-05-27T10:25:24Z values:[49.41 49.55 49.89 49.43 49.01 48.95 48.98 48.63 48.9 48.84 49.76 49.08 48.89 49.16 48.67]]]
2019-05-27T10:25:08.000Z,[map[endTime:2019-05-27T10:25:24Z startTime:2019-05-27T10:25:08Z values:[50.73 51.17 51.3 52.24 53.37 52.54 53.36 51.8 51.27 51.05 50.28 49.89 49.91 49.83 49.57 49.62]]]
2019-05-27T10:24:52.000Z,[map[endTime:2019-05-27T10:25:08Z startTime:2019-05-27T10:24:52Z values:[48.23 48.73 49.7 48.08 48.37 49.5 49.92 49.23 49.8 49.65 49.4 49.33 50.21 51.1 51.46 51.98]]]
2019-05-27T10:24:37.000Z,[map[endTime:2019-05-27T10:24:52Z startTime:2019-05-27T10:24:37Z values:[47.81 48.27 48.38 48.02 47.59 48.37 47.16 48.47 47.77 47.82 48.05 48.18 47.97 47.8 47.82]]]
2019-05-27T10:24:21.000Z,[map[endTime:2019-05-27T10:24:36Z startTime:2019-05-27T10:24:21Z values:[48.48 47.82 47.91 48.05 51.93 51.36 51.11 51.16 50.54 48 48.07 47.93 49.37 48.4 47.49]]]
2019-05-27T10:24:05.000Z,[map[endTime:2019-05-27T10:24:21Z startTime:2019-05-27T10:24:05Z values:[48.26 48.76 48.51 48.15 48.65 48.68 49.23 51.42 50.8 49.65 49.3 48.98 48.38 49.5 48.74 48.62]]]
2019-05-27T10:23:49.000Z,[map[endTime:2019-05-27T10:24:05Z startTime:2019-05-27T10:23:49Z values:[47.85 48.77 50.61 48.61 48.44 49.37 48.55 49.62 48.97 49.21 48.73 48.56 47.63 48.05 48.1 47.67]]]
2019-05-27T10:23:34.000Z,[map[endTime:2019-05-27T10:23:49Z startTime:2019-05-27T10:23:34Z values:[47.23 47.26 47.56 47.78 46.86 46.93 47.75 48.14 48.6 47.84 47.85 48.28 56.71 47.65 48.23]]]
2019-05-27T10:23:18.000Z,[map[endTime:2019-05-27T10:23:34Z startTime:2019-05-27T10:23:18Z values:[50.2 48.74 49.61 48.25 48.1 48.16 47.76 47.69 47.13 47.43 47.54 47.54 48.45 47.67 47.83 47.23]]]
2019-05-27T10:23:02.000Z,[map[endTime:2019-05-27T10:23:18Z startTime:2019-05-27T10:23:02Z values:[48.19 47.22 47.29 47.56 48.11 47.72 48.14 49.36 47.63 48.24 47.94 49.25 48.52 48.82 48.79 48.21]]]
2019-05-27T10:22:46.000Z,[map[endTime:2019-05-27T10:23:02Z startTime:2019-05-27T10:22:46Z values:[48.72 48.5 47.62 47.4 47.31 47.32 47.07 47.67 47.47 47.52 48.15 47.55 47.44 47.56 47.13 47.27]]]
2019-05-27T10:22:31.000Z,[map[endTime:2019-05-27T10:22:46Z startTime:2019-05-27T10:22:31Z values:[48.69 48.62 48.83 48.48 47.88 49.08 50.06 49 48.49 48.5 48.07 47.87 48.14 48.09 48.08]]]
2019-05-27T10:22:15.000Z,[map[endTime:2019-05-27T10:22:31Z startTime:2019-05-27T10:22:15Z values:[51.52 52.91 53.98 53.66 52.61 51.67 49.35 48.58 48.42 50.04 48.84 54.58 49.42 48.98 49.16 48.28]]]
2019-05-27T10:21:59.000Z,[map[endTime:2019-05-27T10:22:15Z startTime:2019-05-27T10:21:59Z values:[53.57 53.18 51.63 49.25 48.25 47.67 48.03 47.95 48.26 48.98 48.21 48.96 51.37 50.5 51.07 51.74]]]
2019-05-27T10:21:43.000Z,[map[endTime:2019-05-27T10:21:59Z startTime:2019-05-27T10:21:43Z values:[47.29 47.53 47.79 47.71 47.35 47.36 47.64 48.08 49.14 48.82 48.23 48.71 49.16 49.91 50.9 51.55]]]
2019-05-27T10:21:28.000Z,[map[endTime:2019-05-27T10:21:43Z startTime:2019-05-27T10:21:28Z values:[52.82 52.83 50.03 49.26 48.99 48.55 48.84 49.34 50.88 51.03 48.4 48.38 48.22 47.73 47.59]]]
2019-05-27T10:21:12.000Z,[map[endTime:2019-05-27T10:21:28Z startTime:2019-05-27T10:21:12Z values:[47.65 48.93 48.91 48.83 50.26 49.78 49.09 48.42 49.18 50.52 49.61 49.32 49.17 49.83 51.32 54.28]]]
2019-05-27T10:20:56.000Z,[map[endTime:2019-05-27T10:21:12Z startTime:2019-05-27T10:20:56Z values:[49.71 49.83 51.24 50.02 48.9 49.58 49.04 49.57 49.82 48.73 49.13 50.21 49.33 48.89 48.57 48.4]]]
2019-05-27T10:20:40.000Z,[map[endTime:2019-05-27T10:20:56Z startTime:2019-05-27T10:20:40Z values:[49.78 49.89 50.99 50.32 49.88 50.01 50.09 49.77 50.47 53.29 52.49 50.3 51.99 49.64 49.42 49.68]]]
2019-05-27T10:20:24.000Z,[map[endTime:2019-05-27T10:20:40Z startTime:2019-05-27T10:20:24Z values:[48.68 48.36 48.23 48.6 48.75 48.9 49.87 51.18 51.87 52.61 52.39 52.24 50.57 49.76 50.44 49.71]]]
2019-05-27T10:20:08.000Z,[map[endTime:2019-05-27T10:20:24Z startTime:2019-05-27T10:20:08Z values:[49.88 49.04 49.24 50.29 48.8 48.45 47.9 47.41 47.51 47.88 48.18 48.4 48.17 49.62 48.99 48.28]]]
2019-05-27T10:19:53.000Z,[map[endTime:2019-05-27T10:20:08Z startTime:2019-05-27T10:19:53Z values:[51.03 51.23 54.17 53.31 53.93 50.69 48.16 47.68 47.35 48.1 49.19 48.76 48.11 48.17 49.87]]]
2019-05-27T10:19:37.000Z,[map[endTime:2019-05-27T10:19:53Z startTime:2019-05-27T10:19:37Z values:[49.3 48.8 48.59 49.28 49.05 48.81 49.55 48.24 48.32 47.76 48.02 47.37 48.18 47.8 48.12 49.94]]]
2019-05-27T10:19:21.000Z,[map[endTime:2019-05-27T10:19:37Z startTime:2019-05-27T10:19:21Z values:[48.16 47.93 48.06 48.14 48.12 48.06 47.76 47.95 47.86 47.7 48.01 49.62 48.09 48.42 48.21 48.05]]]
2019-05-27T10:19:06.000Z,[map[endTime:2019-05-27T10:19:21Z startTime:2019-05-27T10:19:06Z values:[49.34 49.13 48.53 48.21 48.7 48.48 48.27 47.91 47.84 48 48.37 48.09 48.27 48.15 47.97]]]
2019-05-27T10:18:50.000Z,[map[endTime:2019-05-27T10:19:05Z startTime:2019-05-27T10:18:50Z values:[50.29 49.62 50.36 53.54 51.94 52.45 54.03 55.31 54.57 53.49 52.38 49 49.55 49.67 49.4]]]
2019-05-27T10:18:34.000Z,[map[endTime:2019-05-27T10:18:50Z startTime:2019-05-27T10:18:34Z values:[47.42 46.99 47.24 47.53 47.89 47.91 48.5 48.07 49.83 48.64 48.32 47.91 50.11 48.62 48.35 49.65]]]
2019-05-27T10:18:18.000Z,[map[endTime:2019-05-27T10:18:34Z startTime:2019-05-27T10:18:18Z values:[60.83 48.79 48.22 48.49 49.56 50.93 48.58 49.5 48.26 47.8 47.98 47.5 47.36 47.11 47.09 47.7]]]
2019-05-27T10:18:02.000Z,[map[endTime:2019-05-27T10:18:18Z startTime:2019-05-27T10:18:02Z values:[47.4 51.45 49.72 49.54 48.11 47.73 47.55 47.99 47.41 47.97 48.92 47.91 48.23 47.9 48.88 55.72]]]
2019-05-27T10:17:47.000Z,[map[endTime:2019-05-27T10:18:02Z startTime:2019-05-27T10:17:47Z values:[48.22 48.63 49.09 48.32 48.26 48.03 47.59 48.35 47.55 47.74 47.74 47.72 47.52 47.71 47.41]]]
2019-05-27T10:17:31.000Z,[map[endTime:2019-05-27T10:17:47Z startTime:2019-05-27T10:17:31Z values:[49.97 48.37 47.98 47.35 49.94 49.29 48.46 49.51 47.97 52.26 49.64 49.17 48.54 47.97 47.65 48.4]]]
2019-05-27T10:17:15.000Z,[map[endTime:2019-05-27T10:17:31Z startTime:2019-05-27T10:17:15Z values:[48.35 48.31 49.25 48.46 47.86 48.76 47.77 47.5 48.4 48.43 49.74 50.29 49.88 51.18 52.61 51.89]]]
2019-05-27T10:17:00.000Z,[map[endTime:2019-05-27T10:17:15Z startTime:2019-05-27T10:17:00Z values:[47.66 47.46 47.56 47.55 47.22 47.05 47 47.85 48.62 48.26 48.49 47.72 47.67 47.43 48.15]]]
2019-05-27T10:16:44.000Z,[map[endTime:2019-05-27T10:16:59Z startTime:2019-05-27T10:16:44Z values:[49.07 49.32 50.33 50.17 49.99 49.21 49.03 49.05 48.21 49.05 47.99 47.69 47.3 47.59 47.66]]]
2019-05-27T10:16:28.000Z,[map[endTime:2019-05-27T10:16:43Z startTime:2019-05-27T10:16:28Z values:[49.37 49.74 51.42 49.87 49.97 49.24 50.43 50.47 52.67 52.72 52.17 49.73 49.02 48.64 48.41]]]
2019-05-27T10:16:12.000Z,[map[endTime:2019-05-27T10:16:28Z startTime:2019-05-27T10:16:12Z values:[50.9 52.14 51.04 51.44 52.26 53.37 53.11 51.73 51.98 50.46 49.94 49.88 50.03 49.55 49.2 49.68]]]
2019-05-27T10:15:56.000Z,[map[endTime:2019-05-27T10:16:12Z startTime:2019-05-27T10:15:56Z values:[50.48 52.77 54.24 52.35 50.66 49.98 51.04 51.42 52.23 52.07 51.19 50.35 49.49 50.49 49.62 50.46]]]
2019-05-27T10:15:41.000Z,[map[endTime:2019-05-27T10:15:56Z startTime:2019-05-27T10:15:41Z values:[48.53 60.5 59.8 54.07 52.51 49.52 60.13 60.97 53.59 55.02 48.9 51.1 48.94 49.95 71.58]]]
2019-05-27T10:15:25.000Z,[map[endTime:2019-05-27T10:15:41Z startTime:2019-05-27T10:15:25Z values:[59.01 50.49 51.91 51.04 51.89 50.56 52.5 52.93 54.11 56.07 54.56 54.33 51.12 50.34 49.13 48.04]]]
2019-05-27T10:15:09.000Z,[map[endTime:2019-05-27T10:15:25Z startTime:2019-05-27T10:15:09Z values:[51.84 51.87 51.98 50.33 48.53 49.34 50.35 50.04 49.78 49.72 49.5 48.87 48.52 48.94 51.22 56.16]]]
2019-05-27T10:14:53.000Z,[map[endTime:2019-05-27T10:15:09Z startTime:2019-05-27T10:14:53Z values:[48.43 48.69 48.59 49.12 49.75 49.16 48.89 50.02 50.95 49.61 49.39 49.87 49.94 50.89 50.23 51.17]]]
2019-05-27T10:14:38.000Z,[map[endTime:2019-05-27T10:14:53Z startTime:2019-05-27T10:14:38Z values:[51.26 49.79 49.55 49.76 48.99 48.86 48.98 48.95 49.33 49.36 49.61 49.33 48.95 48.57 48.8]]]
2019-05-27T10:14:22.000Z,[map[endTime:2019-05-27T10:14:38Z startTime:2019-05-27T10:14:22Z values:[48.25 48 47.95 48.86 48.97 50.69 49.91 49.86 51.27 51.22 48.89 48.98 49.74 50.21 49.83 51.32]]]
2019-05-27T10:14:06.000Z,[map[endTime:2019-05-27T10:14:21Z startTime:2019-05-27T10:14:06Z values:[48.08 48.79 49.49 50.13 51.25 50.28 57.48 51.57 52.14 51.38 51.36 50.2 51.85 49.38 47.92]]]
2019-05-27T10:13:50.000Z,[map[endTime:2019-05-27T10:14:06Z startTime:2019-05-27T10:13:50Z values:[47.9 48.36 48 47.42 47.18 47.84 47.54 47.88 47.76 47.86 47.41 47.66 47.57 47.35 47.71 47.81]]]
2019-05-27T10:13:35.000Z,[map[endTime:2019-05-27T10:13:50Z startTime:2019-05-27T10:13:35Z values:[48.6 48.16 47.99 47.81 47.67 47.6 47.34 47.1 47.37 47.55 47.23 47.46 47.47 47.06 47.46]]]
2019-05-27T10:13:19.000Z,[map[endTime:2019-05-27T10:13:35Z startTime:2019-05-27T10:13:19Z values:[49.72 49.56 49.02 49.13 48.63 48.25 48.44 49.75 49.19 49.41 47.82 47.66 48.22 50.62 54.77 50.55]]]
2019-05-27T10:13:03.000Z,[map[endTime:2019-05-27T10:13:19Z startTime:2019-05-27T10:13:03Z values:[51.1 51.46 51.84 52.5 51.98 51.98 51.63 52.09 50.36 50.13 50.75 51.12 53.53 52.78 51.64 50.93]]]
2019-05-27T10:12:47.000Z,[map[endTime:2019-05-27T10:13:03Z startTime:2019-05-27T10:12:47Z values:[63.76 59.6 57.75 55.13 51.95 51.05 53.79 63.5 62.12 61.5 59.89 56.34 55.26 52.67 51.8 51.28]]]
2019-05-27T10:12:32.000Z,[map[endTime:2019-05-27T10:12:47Z startTime:2019-05-27T10:12:32Z values:[52.33 52.25 51.12 51.88 51.56 51.98 51.77 50.65 50.98 51.01 50.31 52.69 56.38 63.13 63.23]]]
2019-05-27T10:12:16.000Z,[map[endTime:2019-05-27T10:12:32Z startTime:2019-05-27T10:12:16Z values:[50.64 51.7 53.44 54.51 55 54.89 53.43 52.71 52.24 51.63 52.29 51.46 51.43 51.34 50.66 51.72]]]
2019-05-27T10:12:00.000Z,[map[endTime:2019-05-27T10:12:16Z startTime:2019-05-27T10:12:00Z values:[48.43 50.22 48.6 49.02 48.91 50.1 49.45 49.22 49.37 48.55 48.75 49.22 48.81 49.1 50.07 51.75]]]
2019-05-27T10:11:45.000Z,[map[endTime:2019-05-27T10:12:00Z startTime:2019-05-27T10:11:45Z values:[52.56 56.2 54.25 51.6 50.13 50.77 54.82 50.44 49.05 48.15 48.67 49.74 49.34 48.66 49.12]]]
2019-05-27T10:11:28.000Z,[map[endTime:2019-05-27T10:11:44Z startTime:2019-05-27T10:11:28Z values:[49.66 60.29 45.97 60.06 60.88 49.52 61.07 61.22 51.02 49.34 51.95 59.35 55.09 53.93 56.36 51.94]]]
2019-05-27T10:11:13.000Z,[map[endTime:2019-05-27T10:11:28Z startTime:2019-05-27T10:11:13Z values:[37.04 36.64 42.87 41.55 41.28 43.95 45.53 43.99 44.86 44.85 46.19 41.45 38.88 44.8 49.45]]]
2019-05-27T10:10:57.000Z,[map[endTime:2019-05-27T10:11:13Z startTime:2019-05-27T10:10:57Z values:[45.21 44.83 46.81 61.88 55.75 42.33 44.19 40.88 44.09 39.77 41.12 41.23 41.69 37.8 35.7 38.31]]]
2019-05-27T10:10:41.000Z,[map[endTime:2019-05-27T10:10:57Z startTime:2019-05-27T10:10:41Z values:[48.86 42.51 40.86 46.07 44.84 44.46 45.52 54.7 43.08 45.05 41.14 47.69 52.07 49.5 47.58 51.34]]]
2019-05-27T10:10:25.000Z,[map[endTime:2019-05-27T10:10:41Z startTime:2019-05-27T10:10:25Z values:[38.37 36.78 40.2 37.05 37.26 35.62 35.77 38.86 41.6 40.26 43.68 47.79 46.5 40.96 43.83 49.94]]]
2019-05-27T10:10:09.000Z,[map[endTime:2019-05-27T10:10:25Z startTime:2019-05-27T10:10:09Z values:[37.14 40.55 40.83 38.5 40.55 39.12 39.83 36.97 40.06 44.47 41.42 38.58 37.15 35.41 35.21 36.26]]]
2019-05-27T10:09:54.000Z,[map[endTime:2019-05-27T10:10:09Z startTime:2019-05-27T10:09:54Z values:[36.66 37.15 34.48 36.73 37.47 37.98 40.65 38.83 35.76 38.39 38.83 37.33 38.96 35.5 38.14]]]
2019-05-27T10:09:38.000Z,[map[endTime:2019-05-27T10:09:53Z startTime:2019-05-27T10:09:38Z values:[37.64 38.26 52.51 39.69 37.49 44.6 42.53 42.34 37.66 36.39 37.51 40.62 42.38 39.25 40.35]]]
2019-05-27T10:09:22.000Z,[map[endTime:2019-05-27T10:09:38Z startTime:2019-05-27T10:09:22Z values:[39.37 40.12 37.22 36.03 38.7 38.83 42.56 38.51 40.87 43.07 39.48 44.26 41.37 39.75 38.66 58.68]]]
2019-05-27T10:09:07.000Z,[map[endTime:2019-05-27T10:09:22Z startTime:2019-05-27T10:09:07Z values:[34.72 36.67 41.35 43.86 39.24 38.41 36.28 35.08 39.28 35.7 37.58 37.84 37.86 37.12 39.04]]]
2019-05-27T10:08:51.000Z,[map[endTime:2019-05-27T10:09:06Z startTime:2019-05-27T10:08:51Z values:[37.08 36.59 40.23 37.33 39.9 35.87 37.04 36.6 36.99 38.79 36.45 40.02 39.53 35.68 39.47]]]
2019-05-27T10:08:35.000Z,[map[endTime:2019-05-27T10:08:51Z startTime:2019-05-27T10:08:35Z values:[38.62 36.06 37.12 36.52 33.61 49.36 38.22 43.53 39.91 35.9 38.12 39.35 40.49 37.18 39.67 38.21]]]
2019-05-27T10:08:19.000Z,[map[endTime:2019-05-27T10:08:35Z startTime:2019-05-27T10:08:19Z values:[34.78 37.05 40.56 37.03 39.4 49.48 39.85 46.45 36.65 38.51 35.64 37.72 38.27 38.28 36.23 39.37]]]
2019-05-27T10:08:03.000Z,[map[endTime:2019-05-27T10:08:19Z startTime:2019-05-27T10:08:03Z values:[37.22 40.72 53.48 51.55 47.34 50.5 43.32 42.02 42.52 41.17 45.22 37.53 39.01 35.65 36.55 36.16]]]
2019-05-27T10:07:47.000Z,[map[endTime:2019-05-27T10:08:03Z startTime:2019-05-27T10:07:47Z values:[39.02 37.36 34.42 43.72 38.06 36.29 37.97 39.21 51.62 47.04 34.9 34.3 38.59 42.76 38.45 35.03]]]
2019-05-27T10:07:31.000Z,[map[endTime:2019-05-27T10:07:47Z startTime:2019-05-27T10:07:31Z values:[39.07 38.94 37.3 43.13 41.95 39.12 38.45 39.48 39.51 37.94 41.59 37.82 43.08 39.49 38.56 37.01]]]
2019-05-27T10:07:15.000Z,[map[endTime:2019-05-27T10:07:31Z startTime:2019-05-27T10:07:15Z values:[35.98 37.72 34.67 40.75 38.56 35.14 36.99 41.66 40.85 42.68 38.3 36.75 37.98 36.13 37.09 37.45]]]
2019-05-27T10:07:00.000Z,[map[endTime:2019-05-27T10:07:15Z startTime:2019-05-27T10:07:00Z values:[34.29 33.37 44.03 38.28 34.69 43.01 42.27 34.51 34.5 36.98 34.29 35.64 37.19 37.13 39.23]]]
2019-05-27T10:06:44.000Z,[map[endTime:2019-05-27T10:07:00Z startTime:2019-05-27T10:06:44Z values:[33.66 39.62 35.9 36.05 35.41 34.96 35.8 34.94 35.62 33.23 38.88 35.9 35.26 34.18 36.96 37.01]]]
2019-05-27T10:06:28.000Z,[map[endTime:2019-05-27T10:06:44Z startTime:2019-05-27T10:06:28Z values:[35.95 36.36 33.41 37.51 35.63 36.16 37.59 40.94 37.87 35.71 34.12 36.07 38.84 41.57 38.23 35.98]]]
2019-05-27T10:06:12.000Z,[map[endTime:2019-05-27T10:06:28Z startTime:2019-05-27T10:06:12Z values:[35.86 38.22 34.82 34.35 34.73 43.99 36.69 35.64 35.07 35.41 35.05 36.7 35.55 37.63 36.9 37.9]]]
2019-05-27T10:05:57.000Z,[map[endTime:2019-05-27T10:06:12Z startTime:2019-05-27T10:05:57Z values:[36.12 41.07 36.52 49.76 40.13 38.89 36.86 36.9 40.33 46.77 37.51 34.69 40 37.01 35.76]]]
2019-05-27T10:05:41.000Z,[map[endTime:2019-05-27T10:05:57Z startTime:2019-05-27T10:05:41Z values:[43.89 39.86 37.22 40.92 40.21 37.87 40.44 37.42 39.8 39 34.74 42.74 33.7 31.92 34.44 35.67]]]
2019-05-27T10:05:25.000Z,[map[endTime:2019-05-27T10:05:41Z startTime:2019-05-27T10:05:25Z values:[31.92 35.65 53.07 38.34 33.79 37.6 38.75 41.04 42.14 42.89 45.7 54.92 48.21 34.31 48.11 45.69]]]
2019-05-27T10:05:09.000Z,[map[endTime:2019-05-27T10:05:25Z startTime:2019-05-27T10:05:09Z values:[34.43 39.58 38.75 31.88 28.91 28.15 28.03 43.38 32.96 31.78 29.66 30.93 41.14 36.55 37.71 34.98]]]
2019-05-27T10:04:53.000Z,[map[endTime:2019-05-27T10:05:09Z startTime:2019-05-27T10:04:53Z values:[32 29.88 33.33 37.38 37.41 43.72 49.43 45.03 46.05 42.83 40.49 34.57 34.75 34.39 34.36 31.82]]]
2019-05-27T10:04:37.000Z,[map[endTime:2019-05-27T10:04:53Z startTime:2019-05-27T10:04:37Z values:[29.88 30.79 32.43 31.22 29.73 29.52 29.85 30.36 29.36 31.66 33.75 30.05 30.21 29.07 30.39 31.24]]]
2019-05-27T10:04:21.000Z,[map[endTime:2019-05-27T10:04:37Z startTime:2019-05-27T10:04:21Z values:[31.2 30.87 29.25 33.14 29.92 30.32 30.4 38.53 28.75 29.26 29.82 30.77 31.54 35.14 31.41 29.64]]]
2019-05-27T10:04:06.000Z,[map[endTime:2019-05-27T10:04:21Z startTime:2019-05-27T10:04:06Z values:[31.08 30.66 37.38 32.31 30.2 29.49 29.47 28.67 28.82 30.92 31.27 30.68 30.84 32.3 30.96]]]
2019-05-27T10:03:50.000Z,[map[endTime:2019-05-27T10:04:06Z startTime:2019-05-27T10:03:50Z values:[32.53 37.03 36.8 38.59 39.84 38.9 33.93 36.39 40.72 33.53 33.86 31.6 34.39 32.16 31.54 30.91]]]
2019-05-27T10:03:34.000Z,[map[endTime:2019-05-27T10:03:50Z startTime:2019-05-27T10:03:34Z values:[43.84 34.67 32.55 35.68 31.88 32.12 33.67 35.81 40.99 40.52 50.68 51.37 50.34 39.63 36.65 36.65]]]
2019-05-27T10:03:18.000Z,[map[endTime:2019-05-27T10:03:34Z startTime:2019-05-27T10:03:18Z values:[36.84 32.02 35.18 33.11 34.1 37.38 34.34 33.83 30.97 33.16 42.51 47.49 38.54 60.84 55.36 52.76]]]
2019-05-27T10:03:03.000Z,[map[endTime:2019-05-27T10:03:18Z startTime:2019-05-27T10:03:03Z values:[31.82 30.65 38.43 33.62 29.73 36.13 39.4 40.64 38.35 42.22 44.83 37.39 35.62 40.12 35.27]]]
2019-05-27T10:02:46.000Z,[map[endTime:2019-05-27T10:03:03Z startTime:2019-05-27T10:02:46Z values:[34.44 35.57 36.46 31.91 38.77 30.38 34.17 33.58 32.9 33.56 32.83 32.39 41.08 35.4 33.45 32.53 29.67]]]
2019-05-27T10:02:30.000Z,[map[endTime:2019-05-27T10:02:46Z startTime:2019-05-27T10:02:30Z values:[33.63 38.05 33.32 56.3 40.66 42.97 61.94 39.37 37.76 37.26 35.62 33.91 35.39 34.88 34.93 44.18]]]
2019-05-27T10:02:13.000Z,[map[endTime:2019-05-27T10:02:16Z startTime:2019-05-27T10:02:13Z values:[32.94 31.43 32.2]] map[endTime:2019-05-27T10:02:30Z startTime:2019-05-27T10:02:19Z values:[30.21 30.13 30.61 34.06 32.89 32.76 31.9 31.92 29.31 30.31 31.06]]]
2019-05-27T10:01:57.000Z,[map[endTime:2019-05-27T10:02:08Z startTime:2019-05-27T10:01:57Z values:[30.62 32.58 32.14 29.94 30.97 28.23 28.63 28.97 31.35 30.63 29.81]]]
2019-05-27T10:01:42.000Z,[map[endTime:2019-05-27T10:01:48Z startTime:2019-05-27T10:01:42Z values:[33.67 41.05 33.22 33.82 32.11 30.63]] map[endTime:2019-05-27T10:01:57Z startTime:2019-05-27T10:01:49Z values:[29.46 29.99 31.07 32.77 30.72 30.15 30.79 32.73]]]
2019-05-27T10:01:26.000Z,[map[endTime:2019-05-27T10:01:40Z startTime:2019-05-27T10:01:26Z values:[36.08 37.77 36.44 37.53 39.94 37.01 35.59 33.12 32.94 33.58 39.29 32.37 33.96 32.98]]]
2019-05-27T10:01:10.000Z,[map[endTime:2019-05-27T10:01:26Z startTime:2019-05-27T10:01:10Z values:[32.96 34.01 34.9 36.14 38.15 43.04 38.35 37.23 36.6 37.01 39.01 39.23 41.79 45.55 39.85 39.44]]]
2019-05-27T10:00:54.000Z,[map[endTime:2019-05-27T10:01:10Z startTime:2019-05-27T10:00:54Z values:[33.29 33.11 33.44 33.06 31.44 35.18 37.56 32.94 33.85 41.52 36.93 37.04 33.46 36.34 35.75 35.59]]]
2019-05-27T10:00:38.000Z,[map[endTime:2019-05-27T10:00:54Z startTime:2019-05-27T10:00:38Z values:[34.22 36.97 36.42 40.18 41.01 37.52 36.19 36.93 37.07 36.56 33.08 35.42 34.85 36.62 34.41 36.56]]]
2019-05-27T10:00:23.000Z,[map[endTime:2019-05-27T10:00:38Z startTime:2019-05-27T10:00:23Z values:[32.99 34.41 31.44 33.64 34.87 32.71 31.07 31.45 33.15 34.52 34.83 33.67 34.47 34.3 35.09]]]
2019-05-27T10:00:07.000Z,[map[endTime:2019-05-27T10:00:23Z startTime:2019-05-27T10:00:07Z values:[38.93 34.33 35.19 36.81 43.51 33.31 32.6 36.56 38.5 36.58 33.14 33.36 37.51 39.65 35.62 34.22]]]
2019-05-27T09:59:51.000Z,[map[endTime:2019-05-27T10:00:07Z startTime:2019-05-27T09:59:51Z values:[40.49 39.87 37.19 35.35 36.03 37.9 37.77 35.18 36.31 35.47 34.35 43.44 41.07 40.24 37.28 35.52]]]
2019-05-27T09:59:35.000Z,[map[endTime:2019-05-27T09:59:51Z startTime:2019-05-27T09:59:35Z values:[36.35 33.3 32.97 34.02 33.73 33.28 33.7 35.64 42.5 37.84 37.92 39.99 41.64 42.85 46.25 39.29]]]
2019-05-27T09:59:20.000Z,[map[endTime:2019-05-27T09:59:35Z startTime:2019-05-27T09:59:20Z values:[32.62 34.25 35.16 34.72 37.12 36.72 34.85 33.35 33.19 32.27 33.39 33.37 34.03 34.57 34.7]]]
2019-05-27T09:59:04.000Z,[map[endTime:2019-05-27T09:59:20Z startTime:2019-05-27T09:59:04Z values:[36.3 35.97 36.25 37.38 35.04 36.47 34.97 33.51 34.04 34.34 32.46 35.21 32.17 32.28 33.68 31.99]]]
2019-05-27T09:58:48.000Z,[map[endTime:2019-05-27T09:59:04Z startTime:2019-05-27T09:58:48Z values:[44.04 41.01 43.68 43.18 39.82 37.91 37.55 38.99 40.59 40.26 38.18 37.38 38.18 37.04 35.82 37.34]]]
2019-05-27T09:58:33.000Z,[map[endTime:2019-05-27T09:58:48Z startTime:2019-05-27T09:58:33Z values:[35.31 34.51 34.2 34.02 34.45 35.41 38 39.3 42.75 44.99 45.38 45.99 47.24 48.14 48.38]]]
2019-05-27T09:58:14.000Z,[map[endTime:2019-05-27T09:58:32Z startTime:2019-05-27T09:58:14Z values:[33.56 34.03 33.75 34.16 33.91 34.38 37.28 33.73 34.41 36.13 34.87 35.33 48.32 38.25 36.23 35.1 35.71 34.77]]]
2019-05-27T09:57:58.000Z,[map[endTime:2019-05-27T09:58:14Z startTime:2019-05-27T09:57:58Z values:[37.65 37.38 33.64 34.1 33.72 33.73 34.45 33.85 34.28 34.94 34.39 34.08 34.06 35.13 33.55 33.37]]]
2019-05-27T09:57:42.000Z,[map[endTime:2019-05-27T09:57:58Z startTime:2019-05-27T09:57:42Z values:[37.18 34.93 34.76 34.43 34.69 34.18 33.88 34.27 34.23 34.39 34.53 34.33 34.79 35.12 34.5 37.29]]]
2019-05-27T09:57:26.000Z,[map[endTime:2019-05-27T09:57:42Z startTime:2019-05-27T09:57:26Z values:[34.43 33.88 34.09 33.89 34.02 33.52 35.47 34.2 34.06 33.7 33.72 33.45 33.77 34.47 35.79 36.49]]]
2019-05-27T09:57:11.000Z,[map[endTime:2019-05-27T09:57:26Z startTime:2019-05-27T09:57:11Z values:[35.17 32.36 32.49 34.18 34.33 32.97 32.6 31.96 31.65 33.37 33.48 32.61 32.27 34.1 34.96]]]
2019-05-27T09:56:55.000Z,[map[endTime:2019-05-27T09:57:11Z startTime:2019-05-27T09:56:55Z values:[31.22 31.37 35.75 30.91 30.99 31.21 31.68 32.88 31.92 32.03 32.57 33.46 31.88 32.08 32.69 33.41]]]
2019-05-27T09:56:39.000Z,[map[endTime:2019-05-27T09:56:55Z startTime:2019-05-27T09:56:39Z values:[30.94 33.06 32.05 31.89 30.97 30.61 35.18 34.87 30.34 30.94 32.06 37.05 32.7 32.85 34.54 33.9]]]
2019-05-27T09:56:23.000Z,[map[endTime:2019-05-27T09:56:39Z startTime:2019-05-27T09:56:23Z values:[31.02 38.12 31.12 32.3 31.82 31.97 30.94 31.1 30.75 32.63 34.41 31.98 30.7 30.89 31.42 31.55]]]
2019-05-27T09:56:08.000Z,[map[endTime:2019-05-27T09:56:23Z startTime:2019-05-27T09:56:08Z values:[30.9 32.52 31.47 31.41 32.38 30.86 30.6 30.63 30.88 30.29 30.72 31.42 31.08 30.81 30.66]]]
2019-05-27T09:55:51.000Z,[map[endTime:2019-05-27T09:56:08Z startTime:2019-05-27T09:55:51Z values:[30.15 29.87 30.89 30.19 35.09 34.35 35.66 31.06 30.15 29.95 30.81 30.63 30.2 31.38 32.5 31.12 30.65]]]
2019-05-27T09:55:35.000Z,[map[endTime:2019-05-27T09:55:51Z startTime:2019-05-27T09:55:35Z values:[32.74 38.07 37.05 32.84 32.69 32.53 32.43 32.29 31.54 30.99 31.23 32.33 31.95 31.8 30.71 30.25]]]
2019-05-27T09:55:19.000Z,[map[endTime:2019-05-27T09:55:35Z startTime:2019-05-27T09:55:19Z values:[32.82 31.04 30.42 33.41 47.23 33.01 33.67 38.51 35.27 35.48 36.4 35.23 37.97 37.8 32.95 32.97]]]
2019-05-27T09:55:04.000Z,[map[endTime:2019-05-27T09:55:19Z startTime:2019-05-27T09:55:04Z values:[34.78 33.14 32.43 35.41 35.06 33.96 32.85 32.06 32.96 41.09 35.62 34.36 34.29 33.17 31.2]]]
2019-05-27T09:54:48.000Z,[map[endTime:2019-05-27T09:55:04Z startTime:2019-05-27T09:54:48Z values:[29.63 30.65 29.52 29.14 30.09 30.51 31.79 34.2 36.23 37.95 38.76 43.18 36.79 33.81 43.09 36.01]]]
2019-05-27T09:54:32.000Z,[map[endTime:2019-05-27T09:54:48Z startTime:2019-05-27T09:54:32Z values:[31.25 29.09 33.34 33.27 30.42 28.79 29.61 32.73 33.32 35.29 37.23 29.38 31.13 30.87 30.3 30.13]]]
2019-05-27T09:54:16.000Z,[map[endTime:2019-05-27T09:54:32Z startTime:2019-05-27T09:54:16Z values:[31.1 30.4 30.03 29.99 31.39 31.73 30.66 30.74 29.86 29.32 30.49 30.51 29.41 31.19 31.63 30.09]]]
2019-05-27T09:54:01.000Z,[map[endTime:2019-05-27T09:54:16Z startTime:2019-05-27T09:54:01Z values:[34.57 31.28 29.05 30.09 30.65 30.03 32.8 30.84 31.13 32.63 29.32 29.1 31.63 32.07 31.91]]]
2019-05-27T09:53:45.000Z,[map[endTime:2019-05-27T09:54:01Z startTime:2019-05-27T09:53:45Z values:[30.97 34.07 36.63 48.55 33.21 37.02 36.68 32.46 34.62 29.47 29.52 33.67 33.25 30.76 36.98 31.7]]]
2019-05-27T09:53:29.000Z,[map[endTime:2019-05-27T09:53:45Z startTime:2019-05-27T09:53:29Z values:[30.77 29.17 40.1 30.19 31.25 34.61 30.43 31.63 34.67 33.38 31.07 33.33 29.39 28.47 29.52 30.47]]]
2019-05-27T09:53:14.000Z,[map[endTime:2019-05-27T09:53:29Z startTime:2019-05-27T09:53:14Z values:[29.28 29.2 28.15 28.2 28.17 29.97 32.61 29.85 33.71 30.71 31.15 33.27 31.1 31.54 31.35]]]
2019-05-27T09:52:58.000Z,[map[endTime:2019-05-27T09:53:14Z startTime:2019-05-27T09:52:58Z values:[27.63 27.76 29.29 32.91 36.43 31.72 34.08 31.99 29.67 28.95 31.25 31.26 31.5 35.38 30 30.62]]]
2019-05-27T09:52:42.000Z,[map[endTime:2019-05-27T09:52:58Z startTime:2019-05-27T09:52:42Z values:[30.78 35.6 33.57 30.2 30.95 28.78 27.92 28.25 29.25 29.13 29.48 29.86 30.22 30.38 28.84 36.7]]]
2019-05-27T09:52:26.000Z,[map[endTime:2019-05-27T09:52:42Z startTime:2019-05-27T09:52:26Z values:[31.39 30.96 31.02 31.45 35.78 33.3 34.36 38.29 32.29 32.3 30.86 32.45 33.61 36.62 31.79 31.05]]]
2019-05-27T09:52:10.000Z,[map[endTime:2019-05-27T09:52:26Z startTime:2019-05-27T09:52:10Z values:[31.8 31.01 31.39 32.73 32.08 32.46 32.77 31.93 32.32 31.15 31.24 35.2 33.28 34.76 33.3 31.74]]]
2019-05-27T09:51:55.000Z,[map[endTime:2019-05-27T09:52:10Z startTime:2019-05-27T09:51:55Z values:[34.98 33.26 33.92 31.44 32.17 34.19 34.31 34.34 32.58 33.37 33.13 33.11 32.54 31.77 33.34]]]
2019-05-27T09:51:39.000Z,[map[endTime:2019-05-27T09:51:55Z startTime:2019-05-27T09:51:39Z values:[46.37 39.81 36.05 43.21 36.88 33.54 31.88 31.41 30.57 31.87 33.85 32.42 33.58 33.9 34.55 34.3]]]
2019-05-27T09:51:23.000Z,[map[endTime:2019-05-27T09:51:39Z startTime:2019-05-27T09:51:23Z values:[32.62 33.22 30.97 34.61 36.3 31.7 34.4 36.6 32.94 41.39 31.15 34.37 40.7 38.93 31.26 35.67]]]
2019-05-27T09:51:07.000Z,[map[endTime:2019-05-27T09:51:23Z startTime:2019-05-27T09:51:07Z values:[34.93 38.94 31.98 32.23 32 31.14 31.66 31.6 30.58 30.74 31.08 31.32 32.54 43.54 31.99 31.46]]]
2019-05-27T09:50:52.000Z,[map[endTime:2019-05-27T09:51:07Z startTime:2019-05-27T09:50:52Z values:[31.26 31.58 31.87 31.21 31.61 31.05 31.94 37.47 32.35 32.79 32.3 32.08 31.77 33.24 32.6]]]
2019-05-27T09:50:36.000Z,[map[endTime:2019-05-27T09:50:52Z startTime:2019-05-27T09:50:36Z values:[31.91 31.38 31.24 31.07 31.4 31.49 31.89 31.32 33.67 33.82 36.28 35.63 32.34 31.27 31.97 31.81]]]
2019-05-27T09:50:20.000Z,[map[endTime:2019-05-27T09:50:36Z startTime:2019-05-27T09:50:20Z values:[31.57 31.33 36.4 30.91 30.64 31.02 30.51 30.53 30.6 31.89 31.53 31.13 31.73 31.51 32.42 31.57]]]
2019-05-27T09:50:04.000Z,[map[endTime:2019-05-27T09:50:20Z startTime:2019-05-27T09:50:04Z values:[35.99 33.87 34.27 47.83 31.63 43.11 48.91 39.84 34.01 35.49 32.74 32.38 31.97 31.13 31.41 30.95]]]
2019-05-27T09:49:49.000Z,[map[endTime:2019-05-27T09:50:04Z startTime:2019-05-27T09:49:49Z values:[40.93 44.82 44.33 40.26 35.42 33.86 34.73 35.61 36.07 33.6 35.3 36.19 36.3 35.63 37.66]]]
2019-05-27T09:49:33.000Z,[map[endTime:2019-05-27T09:49:49Z startTime:2019-05-27T09:49:33Z values:[37.49 33.57 33.3 32.86 32.92 33.4 34.97 35.4 32.64 36.1 33.54 33.53 33.24 33.28 35.44 34.54]]]
2019-05-27T09:49:17.000Z,[map[endTime:2019-05-27T09:49:33Z startTime:2019-05-27T09:49:17Z values:[34.64 38.53 32.44 33.57 33.13 35.87 33.95 34.54 32.5 32.96 33.96 33.26 35.52 33.65 36.74 33.36]]]
2019-05-27T09:49:01.000Z,[map[endTime:2019-05-27T09:49:17Z startTime:2019-05-27T09:49:01Z values:[34.1 34.45 37.53 33.57 35.08 39.7 33.35 32.9 33.43 33.71 33.3 33.38 33 32.43 32.61 34.13]]]
2019-05-27T09:48:46.000Z,[map[endTime:2019-05-27T09:49:01Z startTime:2019-05-27T09:48:46Z values:[31.79 33.2 33.75 33.63 32.81 32.43 33.41 34.39 34.93 34.01 34.37 34.2 33.56 33.17 32.65]]]
2019-05-27T09:48:30.000Z,[map[endTime:2019-05-27T09:48:46Z startTime:2019-05-27T09:48:30Z values:[34.04 33.51 33.08 40.78 37.4 34.99 37.59 35.88 32.47 32.29 35.41 33.18 32.41 33.37 32.68 32.75]]]
2019-05-27T09:48:14.000Z,[map[endTime:2019-05-27T09:48:30Z startTime:2019-05-27T09:48:14Z values:[31.72 34.03 32.41 32.13 32.42 35.42 33.64 33.47 32.34 36.2 31.58 33.54 31.74 34.07 32.97 33.99]]]
2019-05-27T09:47:59.000Z,[map[endTime:2019-05-27T09:48:14Z startTime:2019-05-27T09:47:59Z values:[31.36 32.09 46.26 33.15 31.52 33.59 35.36 32.56 44.04 38.04 31.37 33.88 33.64 33.19 32.76]]]
2019-05-27T09:47:42.000Z,[map[endTime:2019-05-27T09:47:58Z startTime:2019-05-27T09:47:42Z values:[33 34.05 32.42 32.42 32.86 34.95 36.8 38.17 31.66 36.78 33.57 33.24 31.65 37.38 37.77 34.03]]]
2019-05-27T09:47:27.000Z,[map[endTime:2019-05-27T09:47:42Z startTime:2019-05-27T09:47:27Z values:[32.01 32.41 32.04 31.74 31.66 31.18 32.19 31.84 31.04 31.32 31.87 34.46 31.52 34.67 34.33]]]
2019-05-27T09:47:11.000Z,[map[endTime:2019-05-27T09:47:27Z startTime:2019-05-27T09:47:11Z values:[32.39 32.55 35.58 32.68 33.3 36.42 35.89 32.27 31.24 37.82 31.29 32.37 31.9 33.03 31.91 32.53]]]
2019-05-27T09:46:55.000Z,[map[endTime:2019-05-27T09:47:11Z startTime:2019-05-27T09:46:55Z values:[34.25 32.23 31.63 32.72 32.19 32 32.96 32.5 32.71 36.77 33.48 40.86 32.3 32.32 32.01 32.6]]]
2019-05-27T09:46:40.000Z,[map[endTime:2019-05-27T09:46:55Z startTime:2019-05-27T09:46:40Z values:[35.76 40.66 36.16 41.13 41.45 35.62 35.03 33.38 52.88 54.1 33.27 51.89 53.71 39.51 38.44]]]
2019-05-27T09:46:24.000Z,[map[endTime:2019-05-27T09:46:40Z startTime:2019-05-27T09:46:24Z values:[33.53 34.85 36.44 42.73 40.1 41.59 35.18 34.2 36.18 36.57 38.82 40.3 34.05 35.99 34.33 36.73]]]
2019-05-27T09:46:08.000Z,[map[endTime:2019-05-27T09:46:24Z startTime:2019-05-27T09:46:08Z values:[34.06 33.4 33.43 33.64 32.99 33.28 34.44 33.16 33.44 35.24 34.49 33.15 33.47 33.53 34.33 33.13]]]
2019-05-27T09:45:52.000Z,[map[endTime:2019-05-27T09:46:08Z startTime:2019-05-27T09:45:52Z values:[38.6 41.17 36.3 34.01 33.63 34.98 33.29 36.53 34.41 32.95 33.33 34.74 33.58 33.11 33.77 33.88]]]
2019-05-27T09:45:37.000Z,[map[endTime:2019-05-27T09:45:52Z startTime:2019-05-27T09:45:37Z values:[34.15 35.09 34.24 34.91 35.58 34.57 36.53 33.93 39.88 35.36 33.46 34.12 35.75 34.15 37.28]]]
2019-05-27T09:45:21.000Z,[map[endTime:2019-05-27T09:45:36Z startTime:2019-05-27T09:45:21Z values:[37.43 37.98 39.97 37.61 40.33 36.98 35.58 35.92 43.56 36.34 35.44 35.53 39.25 39.89 36.65]]]
2019-05-27T09:45:05.000Z,[map[endTime:2019-05-27T09:45:21Z startTime:2019-05-27T09:45:05Z values:[37.35 35.29 36.82 34.09 41.15 36.52 35.3 36.2 40.25 34.41 35.4 33.83 33.76 34.1 35.34 35.6]]]
2019-05-27T09:44:49.000Z,[map[endTime:2019-05-27T09:45:05Z startTime:2019-05-27T09:44:49Z values:[37.49 37.62 37.27 36.64 39.22 45.71 40.63 37.68 36.79 36.35 38.46 36.34 36.17 39.75 36.82 36.07]]]
2019-05-27T09:44:34.000Z,[map[endTime:2019-05-27T09:44:49Z startTime:2019-05-27T09:44:34Z values:[36.16 36.16 36.76 37.35 35.92 35.49 35.43 35.37 37.88 37.29 42.43 37.17 36.44 36.34 36.57]]]
2019-05-27T09:44:18.000Z,[map[endTime:2019-05-27T09:44:34Z startTime:2019-05-27T09:44:18Z values:[39.66 37.27 36.17 39.45 36.78 41.25 38.78 37.82 37.62 36.83 36.77 36.14 38.23 37.19 34.81 35.7]]]
2019-05-27T09:44:02.000Z,[map[endTime:2019-05-27T09:44:18Z startTime:2019-05-27T09:44:02Z values:[37.73 35.5 33.72 34.59 35.18 34.79 34.64 36.59 35.56 34.29 35.65 36.23 44.13 36.84 43.33 40.34]]]
2019-05-27T09:43:46.000Z,[map[endTime:2019-05-27T09:44:02Z startTime:2019-05-27T09:43:46Z values:[36.39 41.42 37.65 35.77 35.87 36.48 38.26 38.23 36.72 36.24 35.53 36.23 37.85 34.87 35.87 37.54]]]
2019-05-27T09:43:31.000Z,[map[endTime:2019-05-27T09:43:46Z startTime:2019-05-27T09:43:31Z values:[36.37 35.92 37.58 38.67 48.54 38.89 37.07 38.89 42.34 35.92 36.53 37.88 40.85 39.26 36.55]]]
2019-05-27T09:43:15.000Z,[map[endTime:2019-05-27T09:43:30Z startTime:2019-05-27T09:43:15Z values:[37.49 38.89 39.31 41.32 42.48 41.85 40.49 39.92 37.86 40.2 45.48 38.58 38.06 37.34 40.78]]]
2019-05-27T09:42:59.000Z,[map[endTime:2019-05-27T09:43:15Z startTime:2019-05-27T09:42:59Z values:[33.91 34.25 44.94 35.88 34.72 35.46 34.82 34.91 37.41 34.94 40.63 34.27 36.53 35.96 37.78 37.28]]]
2019-05-27T09:42:43.000Z,[map[endTime:2019-05-27T09:42:59Z startTime:2019-05-27T09:42:43Z values:[42.24 43.96 51.95 53.3 52.05 45.57 42.9 40.79 41.16 42.29 38.56 37.61 38.44 37.6 38.11 35.15]]]
2019-05-27T09:42:27.000Z,[map[endTime:2019-05-27T09:42:43Z startTime:2019-05-27T09:42:27Z values:[34.58 35.42 35.95 35.96 36.98 36.25 36.41 37.01 36.54 39.69 38.36 38.84 38.94 39.22 39.53 42.96]]]
2019-05-27T09:42:12.000Z,[map[endTime:2019-05-27T09:42:27Z startTime:2019-05-27T09:42:12Z values:[35.33 36.89 36.92 37.95 34.22 34.81 34.08 33.64 33.9 34.68 33.8 34.51 33.91 34.88 34.74]]]
2019-05-27T09:41:56.000Z,[map[endTime:2019-05-27T09:42:12Z startTime:2019-05-27T09:41:56Z values:[33.17 34.04 33.66 35.71 33.58 33.69 33.46 35.61 37.22 36.67 35.29 34.17 34.21 33.98 35.09 35.31]]]
2019-05-27T09:41:40.000Z,[map[endTime:2019-05-27T09:41:55Z startTime:2019-05-27T09:41:40Z values:[38.99 38.32 35.84 36.6 36.38 35.4 35.29 35.07 34.86 35.51 33.82 33.7 34.66 37.15 34.29]]]
2019-05-27T09:41:25.000Z,[map[endTime:2019-05-27T09:41:40Z startTime:2019-05-27T09:41:25Z values:[35.71 35.8 33.98 35.83 35.24 36.36 36.08 35.59 36.69 34.58 35.87 37.05 37.62 36.06 37.6]]]
2019-05-27T09:41:09.000Z,[map[endTime:2019-05-27T09:41:24Z startTime:2019-05-27T09:41:09Z values:[39.37 37.09 35.08 34.71 34.76 34.94 35.65 34.98 33.22 34.46 33.62 33.29 33.15 35.42 37.62]]]
2019-05-27T09:40:53.000Z,[map[endTime:2019-05-27T09:41:09Z startTime:2019-05-27T09:40:53Z values:[33.72 37.92 39.94 33.05 33.23 33.53 33.97 33.73 33.54 33.33 32.26 32.93 33.63 33.8 36.67 36.01]]]
2019-05-27T09:40:37.000Z,[map[endTime:2019-05-27T09:40:53Z startTime:2019-05-27T09:40:37Z values:[35.3 42.72 35.99 35.06 34.74 35.3 40.55 35.75 34.17 34.7 34.71 33.24 34.16 34.18 33.06 33.2]]]
2019-05-27T09:40:21.000Z,[map[endTime:2019-05-27T09:40:37Z startTime:2019-05-27T09:40:21Z values:[34.08 33.31 34.17 33.05 33.47 33.92 33.26 33.23 33.34 33.05 32.96 32.87 35.82 35.51 34.25 34.52]]]
2019-05-27T09:40:06.000Z,[map[endTime:2019-05-27T09:40:21Z startTime:2019-05-27T09:40:06Z values:[34.09 33.92 34.13 34.93 35.01 37.76 34.54 34.06 33.49 33.58 35.65 34 33.78 33.55 33.24]]]
2019-05-27T09:39:50.000Z,[map[endTime:2019-05-27T09:40:06Z startTime:2019-05-27T09:39:50Z values:[33.06 33.1 35.39 33.97 35.5 34.2 35.89 35.39 37.69 36.55 35.56 33.74 34.07 36.46 37.28 35.97]]]
2019-05-27T09:39:34.000Z,[map[endTime:2019-05-27T09:39:50Z startTime:2019-05-27T09:39:34Z values:[35.35 34.57 32.46 32.91 32.96 36.02 36.51 34.64 33.88 34.3 33.17 33.98 33.07 38.7 34.59 34.01]]]
2019-05-27T09:39:18.000Z,[map[endTime:2019-05-27T09:39:34Z startTime:2019-05-27T09:39:18Z values:[33.71 36.82 33.66 34.02 34 34.37 34.88 34.88 35.02 35.95 36.01 34.63 33.04 34.59 32.67 33.22]]]
2019-05-27T09:39:02.000Z,[map[endTime:2019-05-27T09:39:18Z startTime:2019-05-27T09:39:02Z values:[37.57 39.16 38.05 37.62 37.6 38.05 32.92 32.88 36.08 35.5 36.8 33.71 33.63 33.06 33.08 33.66]]]
2019-05-27T09:38:47.000Z,[map[endTime:2019-05-27T09:39:02Z startTime:2019-05-27T09:38:47Z values:[37.05 37.05 36.96 35.88 34.7 34.54 34.37 35.12 35.91 36.81 36.03 35.48 36.37 36.42 36.28]]]
2019-05-27T09:38:31.000Z,[map[endTime:2019-05-27T09:38:47Z startTime:2019-05-27T09:38:31Z values:[34.06 51.01 35.32 33.28 33.42 34.93 33.54 33.41 34.79 34.62 35 36.24 35.05 35.59 34.47 35.37]]]
2019-05-27T09:38:15.000Z,[map[endTime:2019-05-27T09:38:31Z startTime:2019-05-27T09:38:15Z values:[34.35 33.03 34.44 34.21 38.84 34.5 34.3 33.58 36.71 37.03 42.67 33.22 33.75 33.38 35.89 35.56]]]
2019-05-27T09:37:59.000Z,[map[endTime:2019-05-27T09:38:14Z startTime:2019-05-27T09:37:59Z values:[34.75 34.35 35.16 36.65 35.77 38.47 36.57 33.32 33.07 33.91 33.45 34.44 35.32 33.99 35.73]]]
2019-05-27T09:37:43.000Z,[map[endTime:2019-05-27T09:37:59Z startTime:2019-05-27T09:37:43Z values:[34.25 34.85 34.01 34.42 35.75 36.44 38.27 41.33 37.26 36.99 36.21 40.49 40.48 43.51 33.92 33.56]]]
2019-05-27T09:37:28.000Z,[map[endTime:2019-05-27T09:37:43Z startTime:2019-05-27T09:37:28Z values:[36.59 35.44 32.7 31.91 33.95 33.39 34.32 33.5 31.78 34.23 36.79 33.74 32.9 34.47 47.78]]]
2019-05-27T09:37:12.000Z,[map[endTime:2019-05-27T09:37:28Z startTime:2019-05-27T09:37:12Z values:[34.67 34.5 32.98 34.27 36.23 33.41 41.19 36.59 33.12 31.79 32.95 32.06 34.98 34.28 35.62 31.76]]]
2019-05-27T09:36:56.000Z,[map[endTime:2019-05-27T09:37:12Z startTime:2019-05-27T09:36:56Z values:[32.55 33.76 32.91 33.08 35.14 33.24 35.04 37.68 37.46 36.51 35.88 34.16 34.61 33.26 32.75 32.95]]]
2019-05-27T09:36:40.000Z,[map[endTime:2019-05-27T09:36:54Z startTime:2019-05-27T09:36:40Z values:[32.16 32.34 32.13 32.31 32.98 32.38 32.7 34.65 33.64 33.29 34.32 35.01 33.03 33.6]]]
2019-05-27T09:36:25.000Z,[map[endTime:2019-05-27T09:36:40Z startTime:2019-05-27T09:36:25Z values:[32.58 32.09 31.72 31.58 33.34 32.64 31.98 32.48 32.47 32.23 32.51 33.08 35.7 36.34 33.39]]]
2019-05-27T09:36:09.000Z,[map[endTime:2019-05-27T09:36:25Z startTime:2019-05-27T09:36:09Z values:[33.76 32.3 31.01 31.69 31.45 32 35.6 32.13 32.74 34.08 34.13 34.41 33.62 32.57 31.95 31.45]]]
2019-05-27T09:35:53.000Z,[map[endTime:2019-05-27T09:36:09Z startTime:2019-05-27T09:35:53Z values:[32.56 32.11 33.69 33.96 32.28 32.36 33.21 31.81 32.28 33.06 32.3 33.27 32.79 34.62 37.23 35.99]]]
2019-05-27T09:35:37.000Z,[map[endTime:2019-05-27T09:35:53Z startTime:2019-05-27T09:35:37Z values:[36.06 42.1 36.28 32.82 34.54 43.32 34.39 34.33 42.87 39.37 39.58 32.42 33.97 33.07 31.81 32.46]]]
2019-05-27T09:35:22.000Z,[map[endTime:2019-05-27T09:35:37Z startTime:2019-05-27T09:35:22Z values:[41.87 37.92 34.22 32.99 36.78 41.6 39.41 40.32 39.31 37.42 37.69 35.35 35.13 34.76 36.01]]]
2019-05-27T09:35:06.000Z,[map[endTime:2019-05-27T09:35:21Z startTime:2019-05-27T09:35:06Z values:[34.46 33.55 33.15 33.06 34.17 34 34.52 33.55 35.16 36.14 35.29 36.92 37.86 41 44.58]]]
2019-05-27T09:34:50.000Z,[map[endTime:2019-05-27T09:35:06Z startTime:2019-05-27T09:34:50Z values:[50.75 41.21 38.06 38.55 37.7 40.35 41.85 40.11 37.18 38.01 38.86 36.44 35.61 39.87 34.2 34.7]]]
2019-05-27T09:34:34.000Z,[map[endTime:2019-05-27T09:34:50Z startTime:2019-05-27T09:34:34Z values:[36.64 34.93 33.79 34.69 34.55 34.58 34.22 34.73 48.13 38.32 37.43 37.16 37.47 35.83 43.45 35.75]]]
2019-05-27T09:34:19.000Z,[map[endTime:2019-05-27T09:34:34Z startTime:2019-05-27T09:34:19Z values:[39.34 42.65 42.01 41.2 46.94 53.34 37.03 36.16 37.91 35.39 33.56 45.06 36.48 36.3 35.72]]]
2019-05-27T09:34:03.000Z,[map[endTime:2019-05-27T09:34:18Z startTime:2019-05-27T09:34:03Z values:[41.18 41.37 41.02 39.06 41.04 42.79 40.34 37.92 37.2 37.11 37.04 37.57 40.29 39.8 39.09]]]
2019-05-27T09:33:47.000Z,[map[endTime:2019-05-27T09:34:02Z startTime:2019-05-27T09:33:47Z values:[36.53 35.9 37.41 35.25 35.59 37.91 39.82 38.84 41.51 37.93 46.66 35.88 40.27 41.37 46]]]
2019-05-27T09:33:31.000Z,[map[endTime:2019-05-27T09:33:47Z startTime:2019-05-27T09:33:31Z values:[35.56 39.13 36.11 35.97 36.03 39.61 39.52 37.7 38.13 45.46 38.65 41.22 37.44 46.99 39.43 35.61]]]
2019-05-27T09:33:15.000Z,[map[endTime:2019-05-27T09:33:31Z startTime:2019-05-27T09:33:15Z values:[39.51 39.99 34.25 34.89 36.52 35.2 34.12 33.85 33.73 34.52 33.88 34.57 35.66 34.44 37.18 38.21]]]
2019-05-27T09:32:59.000Z,[map[endTime:2019-05-27T09:33:15Z startTime:2019-05-27T09:32:59Z values:[35.9 34.28 35.78 34.93 36.99 36.84 39.83 35.77 35 38.1 37.77 34.15 36.23 35.51 35.98 33.73]]]
2019-05-27T09:32:44.000Z,[map[endTime:2019-05-27T09:32:59Z startTime:2019-05-27T09:32:44Z values:[37.08 39.66 39 41.59 40.24 39.18 43.12 38.08 42.88 35.08 39.02 43.67 36.26 35.78 35.33]]]
2019-05-27T09:32:28.000Z,[map[endTime:2019-05-27T09:32:44Z startTime:2019-05-27T09:32:28Z values:[50.97 54.44 53.71 46.48 41.96 42.02 37.29 41.43 39.56 35.86 40.24 41.44 37.72 44.22 37.68 37.17]]]
2019-05-27T09:32:12.000Z,[map[endTime:2019-05-27T09:32:28Z startTime:2019-05-27T09:32:12Z values:[38.9 36.12 29.13 28.44 44.54 48.37 57.92 56.83 61.26 52.63 58.49 44.64 53.89 49.27 48.08 53.46]]]
2019-05-27T09:31:56.000Z,[map[endTime:2019-05-27T09:32:12Z startTime:2019-05-27T09:31:56Z values:[39.37 46.04 31.92 27.89 31.08 52.71 50.41 51.22 52.22 46.69 45.99 50.66 42.35 44.21 40.31 32.23]]]
2019-05-27T09:31:41.000Z,[map[endTime:2019-05-27T09:31:56Z startTime:2019-05-27T09:31:41Z values:[47.12 52.35 46.6 33.28 28.9 44.99 46.3 57.6 54.59 51.26 48.65 32.73 31.46 30.09 28.82]]]
2019-05-27T09:31:25.000Z,[map[endTime:2019-05-27T09:31:41Z startTime:2019-05-27T09:31:25Z values:[30.55 31.13 36.62 46.71 51.32 50.65 38.98 42.8 38.66 47.38 46.88 44.95 47.67 48.46 47.64 55.84]]]
2019-05-27T09:31:09.000Z,[map[endTime:2019-05-27T09:31:25Z startTime:2019-05-27T09:31:09Z values:[57.96 59.86 54.97 49.45 54.7 47.54 42.27 40.76 34.96 36.27 31.44 31.2 31.14 29.37 30.6 30.73]]]
2019-05-27T09:30:53.000Z,[map[endTime:2019-05-27T09:31:09Z startTime:2019-05-27T09:30:53Z values:[34.28 27.36 29.75 28.41 28.41 26.87 27.43 37.7 59.58 40.93 48.96 55.58 55.17 44.16 52.72 54.97]]]
2019-05-27T09:30:37.000Z,[map[endTime:2019-05-27T09:30:53Z startTime:2019-05-27T09:30:37Z values:[48.24 56.14 41.5 54.4 51.73 46.37 49.21 32.97 47.96 31.19 27.83 31.56 27.43 28.44 36.34 44.06]]]
2019-05-27T09:30:21.000Z,[map[endTime:2019-05-27T09:30:37Z startTime:2019-05-27T09:30:21Z values:[57.67 56.68 52.27 48.34 47.08 49.76 48.5 56.83 51.86 47.76 46.23 40.73 43.65 44.56 38.13 45.57]]]
2019-05-27T09:30:06.000Z,[map[endTime:2019-05-27T09:30:21Z startTime:2019-05-27T09:30:06Z values:[45.23 50.48 50.87 47.76 49.6 49.23 52.97 40.69 47.95 56.64 57.68 48.72 51.47 49.96 62.03]]]
2019-05-27T09:29:50.000Z,[map[endTime:2019-05-27T09:30:05Z startTime:2019-05-27T09:29:50Z values:[56.12 48.43 56.22 50.3 55.18 49.87 52.28 42.84 57.04 53.96 51.16 53.04 49.8 53.13 45.74]]]
2019-05-27T09:29:34.000Z,[map[endTime:2019-05-27T09:29:50Z startTime:2019-05-27T09:29:34Z values:[57.75 56.34 54.15 60.23 55.98 50.93 56.02 53.59 53.99 56.42 46.88 58.82 55.8 50.93 49.04 54.22]]]
2019-05-27T09:29:18.000Z,[map[endTime:2019-05-27T09:29:34Z startTime:2019-05-27T09:29:18Z values:[29.25 30.92 31.19 32.13 30.82 42.62 43.11 41.97 52.47 42.29 51.06 52.65 60.14 55.48 50.7 56.92]]]
2019-05-27T09:29:02.000Z,[map[endTime:2019-05-27T09:29:18Z startTime:2019-05-27T09:29:02Z values:[38.43 31.37 29.4 35.25 30.7 42.72 45.61 38.78 31.29 33.3 32.08 40.9 37.24 41.23 40.09 35.04]]]
2019-05-27T09:28:47.000Z,[map[endTime:2019-05-27T09:29:02Z startTime:2019-05-27T09:28:47Z values:[45.29 47.32 48.14 39.23 38.64 42.57 48.08 41.63 38.3 44.47 42.56 38.94 46.6 44.38 44.07]]]
2019-05-27T09:28:31.000Z,[map[endTime:2019-05-27T09:28:47Z startTime:2019-05-27T09:28:31Z values:[46.19 44.45 40.59 44.16 47.82 43.19 28.34 36.57 32.53 30.85 47.59 55.04 45.77 36.73 37.4 40.32]]]
2019-05-27T09:28:15.000Z,[map[endTime:2019-05-27T09:28:30Z startTime:2019-05-27T09:28:15Z values:[42.85 49.33 44.79 45.2 48.19 49.93 51.56 52.23 50.77 53.19 55.66 39.64 53.27 49.33 30.16]]]
2019-05-27T09:27:59.000Z,[map[endTime:2019-05-27T09:28:15Z startTime:2019-05-27T09:27:59Z values:[45.37 48.44 45.84 29.66 46.69 44.36 36.88 42.82 48.78 45.59 48.71 43.01 42.66 44.01 35.69 31.5]]]
2019-05-27T09:27:44.000Z,[map[endTime:2019-05-27T09:27:59Z startTime:2019-05-27T09:27:44Z values:[53.28 47.06 42.47 38.34 54.96 47.6 48.14 27.74 36.17 32.84 42.43 32.21 31.97 30.84 38.24]]]
2019-05-27T09:27:28.000Z,[map[endTime:2019-05-27T09:27:44Z startTime:2019-05-27T09:27:28Z values:[36.46 37.8 36.12 33.89 35.13 36.06 38.88 46.74 46.75 50.17 53.51 53.1 57.52 49.25 55.58 59.36]]]
2019-05-27T09:27:12.000Z,[map[endTime:2019-05-27T09:27:28Z startTime:2019-05-27T09:27:12Z values:[36.06 35.49 37.86 35.98 35.57 38.27 35.24 34.82 36.01 34.73 35.94 40.68 39.2 37.78 35.77 39.15]]]
2019-05-27T09:26:56.000Z,[map[endTime:2019-05-27T09:27:12Z startTime:2019-05-27T09:26:56Z values:[36.35 41.09 36.88 41.43 35.29 36.04 35.49 36.37 42.14 45.2 38.59 37 38.34 35.32 36.47 35.19]]]
2019-05-27T09:26:40.000Z,[map[endTime:2019-05-27T09:26:56Z startTime:2019-05-27T09:26:40Z values:[34.45 35.29 35.01 36.99 42.12 34.54 36.29 34.74 34.98 37.25 40.83 34.97 35.48 35.04 36.89 36.51]]]
2019-05-27T09:26:25.000Z,[map[endTime:2019-05-27T09:26:40Z startTime:2019-05-27T09:26:25Z values:[34.51 35.81 33.35 35.42 35.34 38.53 36.92 35.63 37.04 37.73 38.36 40.78 35.72 37.42 34.9]]]
2019-05-27T09:26:09.000Z,[map[endTime:2019-05-27T09:26:25Z startTime:2019-05-27T09:26:09Z values:[35.37 36.06 35.58 37.39 35.92 44.17 48.27 40.49 37.44 35.69 35.96 40.2 37.03 34.45 36.37 33.66]]]
2019-05-27T09:25:53.000Z,[map[endTime:2019-05-27T09:26:09Z startTime:2019-05-27T09:25:53Z values:[35.39 37.64 35.01 34.72 35.08 35.99 35.72 34.7 33.8 34.91 33.63 33.11 34.17 39.79 42.75 36.78]]]
2019-05-27T09:25:38.000Z,[map[endTime:2019-05-27T09:25:53Z startTime:2019-05-27T09:25:38Z values:[33.44 38.24 35.62 34.34 34.43 36.34 35 36.25 38.56 37.51 38.06 35.74 34.91 34.72 35.5]]]
2019-05-27T09:25:22.000Z,[map[endTime:2019-05-27T09:25:38Z startTime:2019-05-27T09:25:22Z values:[37.32 35.83 33.8 35.57 34.97 38.45 35.43 35.16 47.37 44.88 38.39 38.36 39.69 34.36 34.91 35.83]]]
2019-05-27T09:25:06.000Z,[map[endTime:2019-05-27T09:25:22Z startTime:2019-05-27T09:25:06Z values:[36.83 37.54 44.73 39.67 37.95 37.86 35.47 36.71 37.03 37.12 38.5 39.63 40.39 43.18 46.34 44.6]]]
2019-05-27T09:24:50.000Z,[map[endTime:2019-05-27T09:25:06Z startTime:2019-05-27T09:24:50Z values:[53.74 59.1 52.6 47.64 51.64 43.96 46.89 46.32 47.43 50.32 46.05 45.01 39.06 40.94 43.04 37.59]]]
2019-05-27T09:24:35.000Z,[map[endTime:2019-05-27T09:24:50Z startTime:2019-05-27T09:24:35Z values:[32.3 32.87 35.9 57.7 47.05 51.76 60.63 50.57 46.84 55.62 55.88 53 53.11 49.05 51.28]]]
2019-05-27T09:24:19.000Z,[map[endTime:2019-05-27T09:24:34Z startTime:2019-05-27T09:24:19Z values:[31.5 31.91 32.94 30.74 29.52 29.06 29.54 30.98 30.6 30.66 30.94 33.67 30.79 30.72 31.23]]]
2019-05-27T09:24:03.000Z,[map[endTime:2019-05-27T09:24:19Z startTime:2019-05-27T09:24:03Z values:[28.16 28.02 27.97 29.04 28.51 29.82 29.6 30.55 30.18 30.14 29.98 30.42 30.97 31.34 32.09 31.68]]]
2019-05-27T09:23:47.000Z,[map[endTime:2019-05-27T09:24:03Z startTime:2019-05-27T09:23:47Z values:[30.32 30.23 29.1 29 30.8 31.24 32.02 30.37 29.75 28.57 29.82 30.49 29.42 28.62 28.55 29.21]]]
2019-05-27T09:23:32.000Z,[map[endTime:2019-05-27T09:23:47Z startTime:2019-05-27T09:23:32Z values:[30.14 34.88 32.12 31.13 31.76 32.05 31.29 32.64 32.32 30.48 30.97 31.93 30.31 30.17 30.45]]]
2019-05-27T09:23:16.000Z,[map[endTime:2019-05-27T09:23:31Z startTime:2019-05-27T09:23:16Z values:[29.61 31.36 29.35 29.44 33.11 29.93 29.79 30.18 33.07 32.01 32.56 33.74 32.82 32.23 29.72]]]
2019-05-27T09:23:00.000Z,[map[endTime:2019-05-27T09:23:16Z startTime:2019-05-27T09:23:00Z values:[29.96 29.84 29.91 29.56 31.26 29.7 30.27 30.15 29.16 30.23 30.45 30.4 29.72 30.1 29.46 31.72]]]
2019-05-27T09:22:44.000Z,[map[endTime:2019-05-27T09:23:00Z startTime:2019-05-27T09:22:44Z values:[36.78 33.31 32.29 32.21 32.03 33.31 34.15 33.19 28.9 29.16 31.56 29.9 31.72 33.69 30.78 31.75]]]
2019-05-27T09:22:29.000Z,[map[endTime:2019-05-27T09:22:44Z startTime:2019-05-27T09:22:29Z values:[29.12 29.27 30 29.77 29.55 30.01 30.68 29.87 29.51 31.58 34.5 31.89 29.95 32.06 35.13]]]
2019-05-27T09:22:13.000Z,[map[endTime:2019-05-27T09:22:28Z startTime:2019-05-27T09:22:13Z values:[31.07 30.96 32.67 30.27 30.1 30.52 29.3 30.29 31.6 30.26 31.11 30.67 31.48 31.03 30.02]]]
2019-05-27T09:21:57.000Z,[map[endTime:2019-05-27T09:22:13Z startTime:2019-05-27T09:21:57Z values:[29.72 30.24 29.96 30.07 29.78 30.14 29.7 29.59 29.88 30.47 30.64 29.77 29.79 30.21 30.05 31.29]]]
2019-05-27T09:21:41.000Z,[map[endTime:2019-05-27T09:21:57Z startTime:2019-05-27T09:21:41Z values:[31.76 34.12 30.19 30.3 30.11 30.19 30.33 30.44 30.72 30.59 29.56 29.85 30.57 30.2 29.55 29.63]]]
2019-05-27T09:21:25.000Z,[map[endTime:2019-05-27T09:21:41Z startTime:2019-05-27T09:21:25Z values:[31.78 29.57 31.15 30.01 30.78 30.15 29.51 29.66 29.71 30.27 30.81 29.5 29.96 29.47 30 31.5]]]
2019-05-27T09:21:09.000Z,[map[endTime:2019-05-27T09:21:25Z startTime:2019-05-27T09:21:09Z values:[29.64 29.29 29.92 30.23 30.59 30.75 30.11 29.91 30 30.06 29.83 29.64 30.03 30.69 30.36 30.58]]]
2019-05-27T09:20:54.000Z,[map[endTime:2019-05-27T09:21:09Z startTime:2019-05-27T09:20:54Z values:[29.13 28.84 28.79 29.28 29.65 30.3 30.97 32.03 31.16 34.53 37.73 36.52 32.47 30.91 29.81]]]
2019-05-27T09:20:38.000Z,[map[endTime:2019-05-27T09:20:54Z startTime:2019-05-27T09:20:38Z values:[28.76 29.24 29.01 29.26 29.58 29.65 29.34 29.21 29.14 29.71 30.3 29.39 35.94 34.91 30.85 28.87]]]
2019-05-27T09:20:22.000Z,[map[endTime:2019-05-27T09:20:38Z startTime:2019-05-27T09:20:22Z values:[28.94 29.14 29.28 29.2 28.77 29.06 29.21 29.14 29.81 31.86 30.46 29.07 29.64 30.8 29.52 28.83]]]
2019-05-27T09:20:06.000Z,[map[endTime:2019-05-27T09:20:22Z startTime:2019-05-27T09:20:06Z values:[28.68 28.6 29.82 32.99 32.53 29.5 29.65 28.63 29.46 28.2 31.4 33.83 33.58 32.03 29.71 29.94]]]
2019-05-27T09:19:51.000Z,[map[endTime:2019-05-27T09:20:06Z startTime:2019-05-27T09:19:51Z values:[29.53 29.05 29.74 29.06 28.7 29.05 29.52 29.24 29.61 28.89 30.75 28.87 29.07 29.09 29.14]]]
2019-05-27T09:19:35.000Z,[map[endTime:2019-05-27T09:19:51Z startTime:2019-05-27T09:19:35Z values:[28.65 29.41 28.68 28.54 29.1 29 29.31 30.63 32.22 33.89 32.15 29.32 32.08 31.97 29.92 29.07]]]
2019-05-27T09:19:19.000Z,[map[endTime:2019-05-27T09:19:34Z startTime:2019-05-27T09:19:19Z values:[30.34 29.33 30.14 29.69 33.63 28.84 28.67 29.15 29.05 28.71 30.23 32.98 30.63 34.68 35.56]]]
2019-05-27T09:19:03.000Z,[map[endTime:2019-05-27T09:19:19Z startTime:2019-05-27T09:19:03Z values:[28.51 28.42 28.6 29.59 28.08 28.42 29.12 29.5 29.41 28.83 38.29 35.69 32.38 29.18 29.14 30.2]]]
2019-05-27T09:18:47.000Z,[map[endTime:2019-05-27T09:19:03Z startTime:2019-05-27T09:18:47Z values:[29.84 28.95 28.73 28.48 28.23 28.28 28.28 28.37 28.26 28.95 28.59 28.36 28.69 28.36 28.74 30.27]]]
2019-05-27T09:18:31.000Z,[map[endTime:2019-05-27T09:18:47Z startTime:2019-05-27T09:18:31Z values:[29.14 28.33 28.62 27.93 28.28 28.25 28.63 29.24 28.04 28.12 28.43 28.31 28.97 29.74 30.73 33.59]]]
2019-05-27T09:18:16.000Z,[map[endTime:2019-05-27T09:18:31Z startTime:2019-05-27T09:18:16Z values:[30.03 29.63 29.91 29.63 28.8 30.2 30.19 31.04 29.6 29.54 28.97 29.03 28.48 28.91 28.7]]]
2019-05-27T09:18:00.000Z,[map[endTime:2019-05-27T09:18:15Z startTime:2019-05-27T09:18:00Z values:[28.31 27.95 29.16 29.38 28.81 29.14 30.57 29.04 30.81 29.52 32.33 32.4 29.97 29.8 29.58]]]
2019-05-27T09:17:44.000Z,[map[endTime:2019-05-27T09:18:00Z startTime:2019-05-27T09:17:44Z values:[29.35 29.59 29.31 31.9 37.1 33.62 30.3 29.94 32.87 30.07 31.3 29.24 29.02 27.94 28.25 28.58]]]
2019-05-27T09:17:28.000Z,[map[endTime:2019-05-27T09:17:44Z startTime:2019-05-27T09:17:28Z values:[30.31 31.34 30.69 30.41 30.1 29.62 28.64 28.75 29.49 30.85 29.7 30.05 29.77 39.23 38.63 28.81]]]
2019-05-27T09:17:12.000Z,[map[endTime:2019-05-27T09:17:28Z startTime:2019-05-27T09:17:12Z values:[32.49 32.35 30.08 30.51 29.9 29.18 30.07 30.09 30.76 30.93 32.8 29.1 32.91 29.29 29.87 28.68]]]
2019-05-27T09:16:57.000Z,[map[endTime:2019-05-27T09:17:12Z startTime:2019-05-27T09:16:57Z values:[30.05 30.37 30.27 30.83 30.9 31.28 31.5 29.05 28.72 28.33 32.54 30.55 31.05 30.8 31.71]]]
2019-05-27T09:16:41.000Z,[map[endTime:2019-05-27T09:16:57Z startTime:2019-05-27T09:16:41Z values:[29.31 28.75 29.73 29.16 27.78 27.64 28.4 27.92 28.55 31.25 29.07 28.62 31.76 32.47 29.84 30.21]]]
2019-05-27T09:16:25.000Z,[map[endTime:2019-05-27T09:16:41Z startTime:2019-05-27T09:16:25Z values:[31.51 32.24 31.21 29.31 31.09 29.43 28.5 28.66 28.07 28.51 28.18 28.69 28.21 28.5 28.07 27.99]]]
2019-05-27T09:16:09.000Z,[map[endTime:2019-05-27T09:16:25Z startTime:2019-05-27T09:16:09Z values:[28.43 28.45 28.02 28.14 31.61 28.96 29.2 33.92 30.56 29.85 29.8 30.3 30.89 30.47 30.12 31.38]]]
2019-05-27T09:15:53.000Z,[map[endTime:2019-05-27T09:16:09Z startTime:2019-05-27T09:15:53Z values:[32.13 32.69 30.93 32.25 29.52 29.55 29.26 29 36.58 29.64 30.23 29.15 29.04 28.89 28.46 28]]]
2019-05-27T09:15:38.000Z,[map[endTime:2019-05-27T09:15:53Z startTime:2019-05-27T09:15:38Z values:[34.35 33.91 32.35 31.32 30.03 29.01 29.18 29.61 32.46 31.3 34.15 34.23 35.31 33.49 35.06]]]
2019-05-27T09:15:22.000Z,[map[endTime:2019-05-27T09:15:38Z startTime:2019-05-27T09:15:22Z values:[28.8 28.5 29.48 33.36 30.76 32.53 31.71 30.77 30.26 29.57 29.76 30.11 30.9 31.58 31.83 32.91]]]
2019-05-27T09:15:06.000Z,[map[endTime:2019-05-27T09:15:22Z startTime:2019-05-27T09:15:06Z values:[28.38 32.33 29.29 28.71 28.92 29.12 30.48 29.14 28.57 28.62 28.85 30.7 28.88 28.85 28.59 29.69]]]
2019-05-27T09:14:50.000Z,[map[endTime:2019-05-27T09:15:06Z startTime:2019-05-27T09:14:50Z values:[28.06 28.06 27.92 28.08 28.18 30.26 30.32 29.4 29.1 28.81 29.23 29.6 29.53 29.93 28.66 29.02]]]
2019-05-27T09:14:35.000Z,[map[endTime:2019-05-27T09:14:50Z startTime:2019-05-27T09:14:35Z values:[31.87 32.61 31.6 32.11 29.36 28.99 28.4 29.14 31.17 36.36 30.08 29.56 28.78 28.14 29.14]]]
2019-05-27T09:14:19.000Z,[map[endTime:2019-05-27T09:14:34Z startTime:2019-05-27T09:14:19Z values:[29.09 32.15 31.41 33.39 37.51 35.23 33.01 30.98 28.74 31.81 29.53 30.07 29.74 29.51 29.41]]]
2019-05-27T09:14:03.000Z,[map[endTime:2019-05-27T09:14:19Z startTime:2019-05-27T09:14:03Z values:[31.67 36.32 40.24 39.99 41.03 35.27 30.54 28.87 28.27 28.03 28.9 28.52 28.63 29.14 31.01 30]]]
2019-05-27T09:13:47.000Z,[map[endTime:2019-05-27T09:14:03Z startTime:2019-05-27T09:13:47Z values:[29.39 29.67 29.53 30.01 30.68 29.03 29.41 28.3 28.94 28.72 28.42 29.18 29.17 30.7 31.65 29.57]]]
2019-05-27T09:13:31.000Z,[map[endTime:2019-05-27T09:13:47Z startTime:2019-05-27T09:13:31Z values:[28.39 30.02 29.05 28.17 30.05 28.91 28.29 29.74 32.84 30.76 29.63 28.66 29.19 28.96 29.03 28.52]]]
2019-05-27T09:13:16.000Z,[map[endTime:2019-05-27T09:13:31Z startTime:2019-05-27T09:13:16Z values:[29.6 29.31 28.44 29.37 28.45 28.56 30.96 28.49 28.09 28.1 29.62 28.48 28.29 30.09 28.57]]]
2019-05-27T09:13:00.000Z,[map[endTime:2019-05-27T09:13:16Z startTime:2019-05-27T09:13:00Z values:[35.76 34.67 34.77 34.08 31.06 31.11 32.18 29.69 33.96 29.54 29.51 30.71 34.82 29.37 30.51 29.97]]]
2019-05-27T09:12:44.000Z,[map[endTime:2019-05-27T09:13:00Z startTime:2019-05-27T09:12:44Z values:[29.82 31.5 28.92 29.11 33.63 32.49 30.02 30.96 29.91 29.83 30.39 30.88 32.22 33.04 32.2 34.73]]]
2019-05-27T09:12:29.000Z,[map[endTime:2019-05-27T09:12:44Z startTime:2019-05-27T09:12:29Z values:[32.79 32.39 32.47 30.8 33.08 29.03 29.26 29.35 28.82 28.64 29.24 29.51 30.38 30.92 30.98]]]
2019-05-27T09:12:13.000Z,[map[endTime:2019-05-27T09:12:28Z startTime:2019-05-27T09:12:13Z values:[30.2 32.85 31.51 34.36 30.41 31.49 30.12 29.52 29.77 29.74 29.84 29.86 30.23 30.03 30.64]]]
2019-05-27T09:11:57.000Z,[map[endTime:2019-05-27T09:12:13Z startTime:2019-05-27T09:11:57Z values:[30.12 31.46 34.91 30.57 29.91 31.03 31.71 29.09 29.82 30.89 30.36 33.17 30.46 32.35 32.83 29.76]]]
2019-05-27T09:11:41.000Z,[map[endTime:2019-05-27T09:11:57Z startTime:2019-05-27T09:11:41Z values:[31.29 31.92 30.92 30.63 31.93 30.37 29.75 30.86 33.03 30.24 30.76 31.71 31.47 31.2 32.41 30.44]]]
2019-05-27T09:11:26.000Z,[map[endTime:2019-05-27T09:11:41Z startTime:2019-05-27T09:11:26Z values:[37.26 33.26 33.3 33.41 32.36 31.72 31.43 30.42 30.98 31.14 31.45 31.49 30.51 30.9 31.37]]]
2019-05-27T09:11:10.000Z,[map[endTime:2019-05-27T09:11:26Z startTime:2019-05-27T09:11:10Z values:[31.42 36.99 34.81 31.58 44.11 44.91 30.35 30 30.82 35.09 39.56 37.68 38.83 34.29 34.33 38.85]]]
2019-05-27T09:10:54.000Z,[map[endTime:2019-05-27T09:11:10Z startTime:2019-05-27T09:10:54Z values:[30.91 30.33 31.85 30.75 30.93 31.19 32.48 31.99 32.99 32.49 30.54 30.83 33.27 33.32 32.12 30.74]]]
2019-05-27T09:10:38.000Z,[map[endTime:2019-05-27T09:10:53Z startTime:2019-05-27T09:10:38Z values:[36.27 36.28 33.64 33.8 37.07 36.55 33.11 32.86 32.37 32.42 33.11 31.62 33.1 35.61 29.98]]]
2019-05-27T09:10:23.000Z,[map[endTime:2019-05-27T09:10:38Z startTime:2019-05-27T09:10:23Z values:[32.75 34.4 34.57 33.31 32.89 33.7 33 32.89 34.64 32.81 32.72 31.67 36.52 31.54 34.32]]]
2019-05-27T09:10:07.000Z,[map[endTime:2019-05-27T09:10:23Z startTime:2019-05-27T09:10:07Z values:[33.13 32.95 33.64 32.06 33.13 33.7 31.54 31.36 31.55 31.33 30.78 31.37 32.08 31.61 32.04 32.2]]]
2019-05-27T09:09:51.000Z,[map[endTime:2019-05-27T09:10:07Z startTime:2019-05-27T09:09:51Z values:[33.11 30.93 33.4 35.54 32.58 32.16 31.43 32.56 32.49 31.67 32.23 32.65 32.62 32.17 32 32.95]]]
2019-05-27T09:09:35.000Z,[map[endTime:2019-05-27T09:09:51Z startTime:2019-05-27T09:09:35Z values:[35.2 32.13 31.17 31.68 31.51 36.03 31.48 31.95 31.26 30.03 30.29 30.43 31.09 44.68 30.89 33.31]]]
2019-05-27T09:09:19.000Z,[map[endTime:2019-05-27T09:09:35Z startTime:2019-05-27T09:09:19Z values:[31.44 31.02 31.16 30.97 31.67 31.19 30.81 32.36 31.92 31.37 31.65 34.22 31.64 34.3 31.45 31.62]]]
2019-05-27T09:09:04.000Z,[map[endTime:2019-05-27T09:09:19Z startTime:2019-05-27T09:09:04Z values:[33.14 29.44 30.78 30.63 31.15 31.97 31.34 34.99 30.9 33.11 32.91 31.09 31.62 31.62 31.2]]]
2019-05-27T09:08:48.000Z,[map[endTime:2019-05-27T09:09:04Z startTime:2019-05-27T09:08:48Z values:[31.67 31.97 33.38 33.35 34.59 34.57 32.93 32.65 32.34 32.08 33.9 33.54 32.39 32.62 31.05 30.36]]]
2019-05-27T09:08:32.000Z,[map[endTime:2019-05-27T09:08:48Z startTime:2019-05-27T09:08:32Z values:[32.41 33.32 34.03 33.85 32.21 31.58 31.64 31.84 30.03 30.7 31.06 30.02 31.15 31.89 33.75 32.89]]]
2019-05-27T09:08:16.000Z,[map[endTime:2019-05-27T09:08:32Z startTime:2019-05-27T09:08:16Z values:[32.77 29.69 30.92 32.12 34.21 35.01 36.35 35.56 33.99 35.26 31.42 31.12 30.69 31.84 36.55 31.48]]]
2019-05-27T09:08:00.000Z,[map[endTime:2019-05-27T09:08:16Z startTime:2019-05-27T09:08:00Z values:[32.57 33.42 32.66 33.55 32.9 33.22 32.13 33.73 35.53 37.76 37.87 33.05 35.57 31.4 33.62 37.67]]]
2019-05-27T09:07:45.000Z,[map[endTime:2019-05-27T09:08:00Z startTime:2019-05-27T09:07:45Z values:[32.75 30.86 34.87 31.5 29.37 37.22 29.67 29.62 30.47 29.89 30.26 30.45 30.05 29.41 30.26]]]
2019-05-27T09:07:29.000Z,[map[endTime:2019-05-27T09:07:45Z startTime:2019-05-27T09:07:29Z values:[31.63 31.12 30.87 30.79 33.07 31.43 32.98 34.55 34.2 34.87 34.99 33.97 32.95 31.38 30.63 30.95]]]
2019-05-27T09:07:13.000Z,[map[endTime:2019-05-27T09:07:29Z startTime:2019-05-27T09:07:13Z values:[30.77 30.99 30.87 31.35 30.07 29.65 30.82 32.94 33.72 33.1 33.8 33.51 33.26 32.93 32.05 30.99]]]
2019-05-27T09:06:57.000Z,[map[endTime:2019-05-27T09:07:13Z startTime:2019-05-27T09:06:57Z values:[31.6 30.92 30.79 31.13 30.31 30.19 31.43 31.77 30.48 29.97 30.46 30.53 30.91 32.45 31.16 30.96]]]
2019-05-27T09:06:42.000Z,[map[endTime:2019-05-27T09:06:57Z startTime:2019-05-27T09:06:42Z values:[29.48 31.2 30.98 31.09 29.57 35.15 28.83 29.15 29.68 30.46 31.13 31.9 32.35 33.06 31.43]]]
2019-05-27T09:06:26.000Z,[map[endTime:2019-05-27T09:06:42Z startTime:2019-05-27T09:06:26Z values:[28.58 28.05 28.14 28.13 28.38 28.8 28.29 29.96 28.71 28.26 28.23 28.43 30.89 28.5 28.76 28.26]]]
2019-05-27T09:06:10.000Z,[map[endTime:2019-05-27T09:06:26Z startTime:2019-05-27T09:06:10Z values:[29.43 29.46 29.23 29.2 30.8 29.99 28.89 28.46 28.42 28.8 29.7 32.38 35.68 32.03 28.75 28.46]]]
2019-05-27T09:05:55.000Z,[map[endTime:2019-05-27T09:06:10Z startTime:2019-05-27T09:05:55Z values:[28.33 29.02 28.04 28.58 28.76 29.09 29.99 29.1 29.36 28.97 29.63 29.21 38.28 29.79 29.52]]]
2019-05-27T09:05:39.000Z,[map[endTime:2019-05-27T09:05:55Z startTime:2019-05-27T09:05:39Z values:[29.66 29.2 28.73 28.9 29.39 29.37 29.92 30.08 29.65 30.39 29.13 28.74 28.18 28.02 28.82 29.39]]]
2019-05-27T09:05:23.000Z,[map[endTime:2019-05-27T09:05:39Z startTime:2019-05-27T09:05:23Z values:[27.79 28.39 28.25 30.53 28.46 29.47 28.93 29.59 33.55 31.36 32.56 33.08 32.28 32.38 32.38 30.84]]]
2019-05-27T09:05:07.000Z,[map[endTime:2019-05-27T09:05:23Z startTime:2019-05-27T09:05:07Z values:[29.43 29.24 29.84 30.25 29.3 29.95 30.22 28.18 29.32 28.58 28.68 28.6 28.54 28.67 28.42 27.72]]]
2019-05-27T09:04:51.000Z,[map[endTime:2019-05-27T09:05:07Z startTime:2019-05-27T09:04:51Z values:[44.78 44.54 30.49 29.4 29.07 28.81 33.56 29.22 30.08 29.11 28.72 28.43 28.99 29.58 29.42 29.1]]]
2019-05-27T09:04:36.000Z,[map[endTime:2019-05-27T09:04:51Z startTime:2019-05-27T09:04:36Z values:[27.82 27.93 28.15 27.8 28.22 28.2 29.89 28.41 30.07 31.79 28.91 29.61 28.87 29.55 36.81]]]
2019-05-27T09:04:20.000Z,[map[endTime:2019-05-27T09:04:36Z startTime:2019-05-27T09:04:20Z values:[33.1 28.53 29.88 28.56 29.76 28.73 29.08 28.59 28.72 28.39 28.42 29.44 29.98 29.56 29.12 27.79]]]
2019-05-27T09:04:04.000Z,[map[endTime:2019-05-27T09:04:20Z startTime:2019-05-27T09:04:04Z values:[28.77 28.04 27.87 28.01 27.85 28.47 28.25 28.12 31.43 30.11 37.95 28.22 27.8 28.38 27.94 30.27]]]
2019-05-27T09:03:48.000Z,[map[endTime:2019-05-27T09:04:04Z startTime:2019-05-27T09:03:48Z values:[28.57 29.04 30.02 32.48 30.63 28.91 29.66 40.31 33.41 28.37 28.57 28.32 28.12 30.16 31.31 29.48]]]
2019-05-27T09:03:33.000Z,[map[endTime:2019-05-27T09:03:48Z startTime:2019-05-27T09:03:33Z values:[32.14 31.39 30.5 30.6 30.17 31.17 31.72 33.57 33.07 32.02 30.99 29.97 30.04 35.65 31.31]]]
2019-05-27T09:03:17.000Z,[map[endTime:2019-05-27T09:03:33Z startTime:2019-05-27T09:03:17Z values:[28.77 28.27 28.14 35.35 29.63 28.52 29.35 28.81 29.14 29.27 29.78 30.38 30.64 30.69 30.92 31.77]]]
2019-05-27T09:03:01.000Z,[map[endTime:2019-05-27T09:03:17Z startTime:2019-05-27T09:03:01Z values:[29.74 28.6 28.9 29.61 28.81 29.67 28.12 28.56 28.7 28.27 27.88 27.93 28.18 28.49 29.09 32.11]]]
2019-05-27T09:02:45.000Z,[map[endTime:2019-05-27T09:03:01Z startTime:2019-05-27T09:02:45Z values:[31.08 30.69 29.76 28.68 28.45 28.31 29.04 30.29 31.25 29.92 28.73 28.55 30.39 28.31 28.41 29.07]]]
2019-05-27T09:02:30.000Z,[map[endTime:2019-05-27T09:02:45Z startTime:2019-05-27T09:02:30Z values:[33.72 33.6 31.13 30.66 29.61 30.01 29.23 35.8 29.21 28.78 29.07 30.06 29.51 30.72 31.62]]]
2019-05-27T09:02:14.000Z,[map[endTime:2019-05-27T09:02:30Z startTime:2019-05-27T09:02:14Z values:[33.26 29.95 30.09 29.87 30.95 30.12 29.54 33.92 30.08 28.83 29.1 29.79 31.68 33.29 34.87 34.92]]]
2019-05-27T09:01:58.000Z,[map[endTime:2019-05-27T09:02:14Z startTime:2019-05-27T09:01:58Z values:[29.77 29.1 28.99 28.36 29.2 30.1 29.93 30.47 30.91 30.51 30.87 30.47 30.71 30.57 31.22 35.87]]]
2019-05-27T09:01:42.000Z,[map[endTime:2019-05-27T09:01:58Z startTime:2019-05-27T09:01:42Z values:[34.32 33.8 30.68 32.61 31.14 28.98 28.44 28.66 29.8 28.28 28.32 28.92 29.49 28.48 30.72 29.77]]]
2019-05-27T09:01:26.000Z,[map[endTime:2019-05-27T09:01:42Z startTime:2019-05-27T09:01:26Z values:[29.63 31.49 32.07 32.22 30.2 32.1 33.92 31.56 33.43 31.01 34.56 37.29 30.95 31.06 30.08 30.06]]]
2019-05-27T09:01:11.000Z,[map[endTime:2019-05-27T09:01:26Z startTime:2019-05-27T09:01:11Z values:[33.26 34.42 33.28 32.36 31.55 32.85 31.52 31.19 30.68 30.17 30.01 40.73 35.55 30.39 30.67]]]
2019-05-27T09:00:55.000Z,[map[endTime:2019-05-27T09:01:11Z startTime:2019-05-27T09:00:55Z values:[30.43 30.49 31.28 33.11 31 32.68 31.12 29.94 30.34 30.7 31.96 34.01 33.85 33.44 31.77 32.68]]]
2019-05-27T09:00:39.000Z,[map[endTime:2019-05-27T09:00:55Z startTime:2019-05-27T09:00:39Z values:[31.24 31.44 32.04 33.39 32.15 32.84 32.24 33.31 31.55 31.22 33.28 36.55 35.8 31.44 30.09 30.73]]]
2019-05-27T09:00:23.000Z,[map[endTime:2019-05-27T09:00:39Z startTime:2019-05-27T09:00:23Z values:[38.1 42.68 48.85 31.7 33.17 35.76 38.22 36.06 47.72 34.27 35.91 33.02 33.91 32.79 31.65 31.39]]]
2019-05-27T09:00:08.000Z,[map[endTime:2019-05-27T09:00:23Z startTime:2019-05-27T09:00:08Z values:[32.42 30.56 30.33 30.71 33.18 31.87 31.24 30.62 30.99 31.11 30.58 34.23 33.39 33.12 35.91]]]
2019-05-27T08:59:52.000Z,[map[endTime:2019-05-27T09:00:08Z startTime:2019-05-27T08:59:52Z values:[30.86 30.89 31.1 30.28 30.51 31.38 32.69 31.02 33.81 33.12 33.15 31.1 30.61 31.45 30.94 39.52]]]
2019-05-27T08:59:36.000Z,[map[endTime:2019-05-27T08:59:52Z startTime:2019-05-27T08:59:36Z values:[29.17 29.76 29.97 31.64 30.68 30.8 31.42 31.83 30.86 32.91 31.62 32.59 31.66 31.26 31.54 31.64]]]
2019-05-27T08:59:20.000Z,[map[endTime:2019-05-27T08:59:36Z startTime:2019-05-27T08:59:20Z values:[29.43 29.75 31.95 32.28 29.94 29.85 29.69 29.83 29.96 30.13 29.71 29.54 29.5 29.32 29.65 31.05]]]
2019-05-27T08:59:05.000Z,[map[endTime:2019-05-27T08:59:20Z startTime:2019-05-27T08:59:05Z values:[30.36 30.22 30.02 29.92 29.95 30.81 29.94 30 30.37 30.31 30.26 29.85 29.8 29.89 30.94]]]
2019-05-27T08:58:49.000Z,[map[endTime:2019-05-27T08:59:05Z startTime:2019-05-27T08:58:49Z values:[30.68 30.59 30.16 29.99 31.29 35.39 29.93 30.7 29.88 30.19 30.27 31.75 32.87 32.86 30.41 30.98]]]
2019-05-27T08:58:33.000Z,[map[endTime:2019-05-27T08:58:49Z startTime:2019-05-27T08:58:33Z values:[30.09 31.87 32.4 34.58 34.75 34.01 32.77 33.74 34.93 36.04 33.49 31.83 30.38 30.94 31.51 31.21]]]
2019-05-27T08:58:17.000Z,[map[endTime:2019-05-27T08:58:33Z startTime:2019-05-27T08:58:17Z values:[30.72 30.71 29.89 30.54 30.43 30.99 30.16 30.33 30.46 31.81 30.39 33.42 30.32 30.32 30.43 31.67]]]
2019-05-27T08:58:02.000Z,[map[endTime:2019-05-27T08:58:17Z startTime:2019-05-27T08:58:02Z values:[31.49 31.18 31.07 32.09 31.11 31.2 31.1 29.23 29.32 30.93 30.61 30.64 30.28 30.11 30.19]]]
2019-05-27T08:57:46.000Z,[map[endTime:2019-05-27T08:58:02Z startTime:2019-05-27T08:57:46Z values:[58.13 49.57 46.97 41.12 40.43 65.51 35.34 32.1 31 30.85 31.26 29.81 30.59 30.9 31.92 31.4]]]
2019-05-27T08:57:30.000Z,[map[endTime:2019-05-27T08:57:46Z startTime:2019-05-27T08:57:30Z values:[34.53 32.12 38.24 33.32 32.39 45.32 37.5 39.19 42.26 43.51 50.45 49.93 51.87 46.42 44.61 55.6]]]
2019-05-27T08:57:14.000Z,[map[endTime:2019-05-27T08:57:30Z startTime:2019-05-27T08:57:14Z values:[45.8 50.57 48.96 53.73 52.9 37.18 34 50.42 54.56 37.27 34.61 35.88 32.88 30.37 32.97 30.66]]]
2019-05-27T08:56:59.000Z,[map[endTime:2019-05-27T08:57:14Z startTime:2019-05-27T08:56:59Z values:[36.57 34.77 41.42 40.93 36.37 32.45 39.37 32.93 30.51 44.81 49.86 53.18 48.48 37.75 38.38]]]
2019-05-27T08:56:43.000Z,[map[endTime:2019-05-27T08:56:59Z startTime:2019-05-27T08:56:43Z values:[34.97 35.88 34.15 29.82 35.24 37.26 36.43 32.51 31.49 36.19 33.53 30.05 32.03 36.82 38.31 36.11]]]
2019-05-27T08:56:27.000Z,[map[endTime:2019-05-27T08:56:43Z startTime:2019-05-27T08:56:27Z values:[31.51 31.16 30.95 34.04 30.47 38.19 31.65 31.31 32.28 32.57 32.68 31.55 30.68 37.64 36.9 31.23]]]
2019-05-27T08:56:11.000Z,[map[endTime:2019-05-27T08:56:27Z startTime:2019-05-27T08:56:11Z values:[53.26 54.38 52.49 53.85 42.5 47.72 53.32 51.11 48.31 44.1 44.67 36.11 33.26 30.56 31.84 31.46]]]
2019-05-27T08:55:56.000Z,[map[endTime:2019-05-27T08:56:11Z startTime:2019-05-27T08:55:56Z values:[48.8 50.05 42.16 50.63 51.95 50.3 43.81 54.91 34.14 45.49 45.53 29.96 30.37 29.01 29.54]]]
2019-05-27T08:55:40.000Z,[map[endTime:2019-05-27T08:55:55Z startTime:2019-05-27T08:55:40Z values:[33.27 48.86 52.48 36.51 34.24 34.5 30.82 42.01 34.75 46.24 45.1 30.6 30.57 32.08 52.21]]]
2019-05-27T08:55:24.000Z,[map[endTime:2019-05-27T08:55:39Z startTime:2019-05-27T08:55:24Z values:[47.02 47.53 43.92 46.83 44.39 42.24 45.58 37.26 31.73 32.19 31.8 30.55 30.2 29.01 29.01]]]
2019-05-27T08:55:08.000Z,[map[endTime:2019-05-27T08:55:24Z startTime:2019-05-27T08:55:08Z values:[32.99 33.34 31.08 30.68 43.37 47.72 48.33 43.96 42.52 43.7 47.65 46 47.4 43.77 41.19 53.26]]]
2019-05-27T08:54:53.000Z,[map[endTime:2019-05-27T08:55:08Z startTime:2019-05-27T08:54:53Z values:[32.37 31.79 32.33 35.73 34.22 34.74 34.25 43.57 40.85 39.59 43.16 35.8 35.54 33.06 37.69]]]
